/*
 Navicat Premium Data Transfer

 Source Server         : opscloud4-test
 Source Server Type    : MySQL
 Source Server Version : 80026
 Source Host           : 172.16.210.11:3306
 Source Schema         : opscloud4_new

 Target Server Type    : MySQL
 Target Server Version : 80026
 File Encoding         : 65001

 Date: 18/10/2021 16:42:53
*/

SET NAMES utf8mb4;
SET FOREIGN_KEY_CHECKS = 0;

-- ----------------------------
-- Table structure for access_token
-- ----------------------------
DROP TABLE IF EXISTS `access_token`;
CREATE TABLE `access_token` (
  `id` int unsigned NOT NULL AUTO_INCREMENT,
  `username` varchar(200) CHARACTER SET utf8mb4 COLLATE utf8mb4_0900_ai_ci NOT NULL DEFAULT '' COMMENT '用户登录名',
  `token_id` varchar(64) CHARACTER SET utf8mb4 COLLATE utf8mb4_0900_ai_ci NOT NULL DEFAULT '' COMMENT '令牌标识',
  `token` varchar(64) CHARACTER SET utf8mb4 COLLATE utf8mb4_0900_ai_ci NOT NULL DEFAULT 'None' COMMENT '访问令牌',
  `valid` tinyint(1) NOT NULL DEFAULT '1' COMMENT '是否无效',
  `comment` text CHARACTER SET utf8mb4 COLLATE utf8mb4_0900_ai_ci COMMENT '描述',
  `expired_time` timestamp NOT NULL DEFAULT CURRENT_TIMESTAMP COMMENT '过期时间',
  `create_time` timestamp NOT NULL DEFAULT CURRENT_TIMESTAMP,
  `update_time` timestamp NOT NULL DEFAULT CURRENT_TIMESTAMP ON UPDATE CURRENT_TIMESTAMP,
  PRIMARY KEY (`id`) USING BTREE,
  UNIQUE KEY `token` (`token`) USING BTREE,
  UNIQUE KEY `token_id` (`token_id`) USING BTREE
) ENGINE=InnoDB AUTO_INCREMENT=5 DEFAULT CHARSET=utf8mb4 COLLATE=utf8mb4_0900_ai_ci ROW_FORMAT=DYNAMIC COMMENT='api调用令牌';

-- ----------------------------
-- Records of access_token
-- ----------------------------
BEGIN;
COMMIT;

-- ----------------------------
-- Table structure for aliyun_log
-- ----------------------------
DROP TABLE IF EXISTS `aliyun_log`;
CREATE TABLE `aliyun_log` (
  `id` int unsigned NOT NULL AUTO_INCREMENT,
  `datasource_instance_id` int NOT NULL COMMENT '数据源实例id',
  `project` varchar(128) CHARACTER SET utf8mb4 COLLATE utf8mb4_0900_ai_ci NOT NULL DEFAULT '',
  `logstore` varchar(128) CHARACTER SET utf8mb4 COLLATE utf8mb4_0900_ai_ci NOT NULL DEFAULT '',
  `config` varchar(128) CHARACTER SET utf8mb4 COLLATE utf8mb4_0900_ai_ci NOT NULL DEFAULT '',
  `comment` varchar(256) CHARACTER SET utf8mb4 COLLATE utf8mb4_0900_ai_ci DEFAULT NULL,
  `create_time` timestamp NOT NULL DEFAULT CURRENT_TIMESTAMP,
  `update_time` timestamp NULL DEFAULT NULL ON UPDATE CURRENT_TIMESTAMP,
  PRIMARY KEY (`id`) USING BTREE,
  UNIQUE KEY `account_uid` (`datasource_instance_id`,`project`,`logstore`,`config`) USING BTREE
) ENGINE=InnoDB AUTO_INCREMENT=6 DEFAULT CHARSET=utf8mb4 COLLATE=utf8mb4_0900_ai_ci ROW_FORMAT=DYNAMIC COMMENT='阿里云日志服务';

-- ----------------------------
-- Records of aliyun_log
-- ----------------------------
BEGIN;
COMMIT;

-- ----------------------------
-- Table structure for aliyun_log_member
-- ----------------------------
DROP TABLE IF EXISTS `aliyun_log_member`;
CREATE TABLE `aliyun_log_member` (
  `id` int unsigned NOT NULL AUTO_INCREMENT,
  `aliyun_log_id` int NOT NULL COMMENT 'sls表主键',
  `server_group_id` int NOT NULL,
  `server_group_name` varchar(128) CHARACTER SET utf8mb4 COLLATE utf8mb4_0900_ai_ci DEFAULT NULL,
  `topic` varchar(128) CHARACTER SET utf8mb4 COLLATE utf8mb4_0900_ai_ci DEFAULT '',
  `env_type` int NOT NULL DEFAULT '0' COMMENT '环境类型',
  `comment` varchar(256) CHARACTER SET utf8mb4 COLLATE utf8mb4_0900_ai_ci DEFAULT NULL,
  `last_push_time` timestamp NULL DEFAULT NULL COMMENT '最后推送时间',
  `create_time` timestamp NOT NULL DEFAULT CURRENT_TIMESTAMP,
  `update_time` timestamp NULL DEFAULT NULL ON UPDATE CURRENT_TIMESTAMP,
  PRIMARY KEY (`id`) USING BTREE,
  UNIQUE KEY `aliyun_sls_id` (`aliyun_log_id`,`server_group_id`) USING BTREE
) ENGINE=InnoDB AUTO_INCREMENT=6 DEFAULT CHARSET=utf8mb4 COLLATE=utf8mb4_0900_ai_ci ROW_FORMAT=DYNAMIC COMMENT='阿里云日志服务服务器组成员';

-- ----------------------------
-- Records of aliyun_log_member
-- ----------------------------
BEGIN;
COMMIT;

-- ----------------------------
-- Table structure for ansible_playbook
-- ----------------------------
DROP TABLE IF EXISTS `ansible_playbook`;
CREATE TABLE `ansible_playbook` (
  `id` int unsigned NOT NULL AUTO_INCREMENT,
  `playbook_uuid` varchar(32) CHARACTER SET utf8mb4 COLLATE utf8mb4_0900_ai_ci NOT NULL DEFAULT '' COMMENT '剧本uuid',
  `name` varchar(256) CHARACTER SET utf8mb4 COLLATE utf8mb4_0900_ai_ci NOT NULL DEFAULT '' COMMENT '名称',
  `playbook` longtext CHARACTER SET utf8mb4 COLLATE utf8mb4_0900_ai_ci COMMENT '剧本内容',
  `tags` text CHARACTER SET utf8mb4 COLLATE utf8mb4_0900_ai_ci COMMENT '标签配置',
  `vars` text CHARACTER SET utf8mb4 COLLATE utf8mb4_0900_ai_ci COMMENT '外部变量',
  `comment` text CHARACTER SET utf8mb4 COLLATE utf8mb4_0900_ai_ci COMMENT '描述',
  `create_time` timestamp NOT NULL DEFAULT CURRENT_TIMESTAMP,
  `update_time` timestamp NOT NULL DEFAULT CURRENT_TIMESTAMP ON UPDATE CURRENT_TIMESTAMP,
  PRIMARY KEY (`id`) USING BTREE,
  UNIQUE KEY `playbook_uuid` (`playbook_uuid`) USING BTREE
) ENGINE=InnoDB AUTO_INCREMENT=15 DEFAULT CHARSET=utf8mb4 COLLATE=utf8mb4_0900_ai_ci ROW_FORMAT=DYNAMIC;

-- ----------------------------
-- Records of ansible_playbook
-- ----------------------------
BEGIN;
COMMIT;

-- ----------------------------
-- Table structure for application
-- ----------------------------
DROP TABLE IF EXISTS `application`;
CREATE TABLE `application` (
  `id` int unsigned NOT NULL AUTO_INCREMENT,
  `name` varchar(128) CHARACTER SET utf8mb4 COLLATE utf8mb4_0900_ai_ci NOT NULL DEFAULT '' COMMENT '应用名称',
  `application_key` varchar(128) CHARACTER SET utf8mb4 COLLATE utf8mb4_0900_ai_ci NOT NULL DEFAULT '' COMMENT '应用key',
  `application_type` int DEFAULT '0' COMMENT '应用类型',
  `comment` text CHARACTER SET utf8mb4 COLLATE utf8mb4_0900_ai_ci COMMENT '描述',
  `create_time` timestamp NOT NULL DEFAULT CURRENT_TIMESTAMP COMMENT '创建时间',
  `update_time` timestamp NOT NULL DEFAULT CURRENT_TIMESTAMP ON UPDATE CURRENT_TIMESTAMP COMMENT '更新时间',
  PRIMARY KEY (`id`) USING BTREE,
  UNIQUE KEY `application_key` (`application_key`) USING BTREE,
  UNIQUE KEY `name` (`name`) USING BTREE
) ENGINE=InnoDB AUTO_INCREMENT=81 DEFAULT CHARSET=utf8mb4 COLLATE=utf8mb4_0900_ai_ci ROW_FORMAT=DYNAMIC COMMENT='聚合应用';

-- ----------------------------
-- Records of application
-- ----------------------------
BEGIN;
COMMIT;

-- ----------------------------
-- Table structure for application_resource
-- ----------------------------
DROP TABLE IF EXISTS `application_resource`;
CREATE TABLE `application_resource` (
  `id` int unsigned NOT NULL AUTO_INCREMENT,
  `application_id` int NOT NULL COMMENT '应用id',
  `name` varchar(128) CHARACTER SET utf8mb4 COLLATE utf8mb4_0900_ai_ci NOT NULL DEFAULT '' COMMENT '资源名称',
  `virtual_resource` tinyint(1) DEFAULT '0' COMMENT '虚拟资源',
  `resource_type` varchar(64) CHARACTER SET utf8mb4 COLLATE utf8mb4_0900_ai_ci DEFAULT '' COMMENT '资源类型',
  `business_id` int DEFAULT NULL COMMENT '业务id',
  `business_type` int DEFAULT NULL COMMENT '业务类型',
  `comment` text CHARACTER SET utf8mb4 COLLATE utf8mb4_0900_ai_ci COMMENT '描述',
  `create_time` timestamp NOT NULL DEFAULT CURRENT_TIMESTAMP COMMENT '创建时间',
  `update_time` timestamp NOT NULL DEFAULT CURRENT_TIMESTAMP ON UPDATE CURRENT_TIMESTAMP COMMENT '更新时间',
  PRIMARY KEY (`id`) USING BTREE,
  UNIQUE KEY `application_id` (`application_id`,`resource_type`,`business_id`) USING BTREE
) ENGINE=InnoDB AUTO_INCREMENT=205 DEFAULT CHARSET=utf8mb4 COLLATE=utf8mb4_0900_ai_ci ROW_FORMAT=DYNAMIC COMMENT='应用资源';

-- ----------------------------
-- Records of application_resource
-- ----------------------------
BEGIN;
COMMIT;

-- ----------------------------
-- Table structure for auth_group
-- ----------------------------
DROP TABLE IF EXISTS `auth_group`;
CREATE TABLE `auth_group` (
  `id` int unsigned NOT NULL AUTO_INCREMENT,
  `group_name` varchar(128) CHARACTER SET utf8mb4 COLLATE utf8mb4_0900_ai_ci NOT NULL DEFAULT '',
  `base_path` varchar(128) CHARACTER SET utf8mb4 COLLATE utf8mb4_0900_ai_ci DEFAULT NULL COMMENT '基本路径',
  `comment` varchar(256) CHARACTER SET utf8mb4 COLLATE utf8mb4_0900_ai_ci DEFAULT NULL,
  `create_time` timestamp NOT NULL DEFAULT CURRENT_TIMESTAMP,
  `update_time` timestamp NOT NULL DEFAULT CURRENT_TIMESTAMP ON UPDATE CURRENT_TIMESTAMP,
  PRIMARY KEY (`id`) USING BTREE
) ENGINE=InnoDB AUTO_INCREMENT=58 DEFAULT CHARSET=utf8mb4 COLLATE=utf8mb4_0900_ai_ci;

-- ----------------------------
-- Records of auth_group
-- ----------------------------
BEGIN;
INSERT INTO `auth_group` VALUES (1, 'Auth', '/api/auth', '权限管理', '2020-02-15 17:04:55', '2021-07-13 15:45:26');
INSERT INTO `auth_group` VALUES (2, 'User', '/api/user', '用户', '2020-02-20 11:58:56', '2021-07-13 15:45:31');
INSERT INTO `auth_group` VALUES (40, 'Datasource', '/api/datasource', '数据源管理', '2021-05-15 15:44:36', '2021-07-13 15:45:37');
INSERT INTO `auth_group` VALUES (41, 'System', '', '系统管理', '2021-05-17 17:26:30', '2021-05-17 17:26:30');
INSERT INTO `auth_group` VALUES (42, 'Tag', '/api/tag', '标签', '2021-05-19 15:05:06', '2021-07-13 15:45:41');
INSERT INTO `auth_group` VALUES (43, 'ServerGroup', '/api/server/group', '服务器组', '2021-05-24 11:18:33', '2021-07-13 15:45:46');
INSERT INTO `auth_group` VALUES (44, 'Server', '/api/server', '服务器管理', '2021-05-25 11:43:59', '2021-07-13 15:45:51');
INSERT INTO `auth_group` VALUES (45, 'ServerAccount', '/api/server/account', '服务器账户管理', '2021-05-25 11:44:17', '2021-07-13 15:45:56');
INSERT INTO `auth_group` VALUES (46, 'Env', '/api/env', '环境管理', '2021-05-25 17:22:40', '2021-07-13 15:46:00');
INSERT INTO `auth_group` VALUES (47, 'Menu', '/api/sys/menu', '菜单管理', '2021-06-02 14:26:08', '2021-07-13 15:46:05');
INSERT INTO `auth_group` VALUES (48, 'Document', '/api/sys/doc', '文档管理', '2021-06-16 13:34:02', '2021-07-13 15:46:11');
INSERT INTO `auth_group` VALUES (50, 'Application', '/api/application', '应用管理', '2021-07-13 15:42:30', '2021-07-13 15:42:30');
INSERT INTO `auth_group` VALUES (52, 'TerminalSession', '/api/terminal/session', '终端会话管理', '2021-07-22 17:29:27', '2021-07-22 17:29:27');
INSERT INTO `auth_group` VALUES (53, 'Static', NULL, '前端静态资源', '2021-07-27 16:48:24', '2021-07-27 16:48:24');
INSERT INTO `auth_group` VALUES (54, 'Business', '/api/business', '业务对象管理', '2021-08-20 14:54:50', '2021-08-20 14:55:29');
INSERT INTO `auth_group` VALUES (55, 'Task', '/api/task', '任务管理', '2021-09-01 14:15:56', '2021-09-01 14:16:10');
INSERT INTO `auth_group` VALUES (56, 'Aliyun', NULL, '阿里云服务', '2021-09-17 15:05:07', '2021-09-17 15:05:07');
INSERT INTO `auth_group` VALUES (57, 'ServerTask', '/api/server/task', '服务器任务', '2021-09-18 17:06:32', '2021-09-18 17:06:32');
COMMIT;

-- ----------------------------
-- Table structure for auth_menu
-- ----------------------------
DROP TABLE IF EXISTS `auth_menu`;
CREATE TABLE `auth_menu` (
  `id` int unsigned NOT NULL AUTO_INCREMENT,
  `role_id` int NOT NULL DEFAULT '0' COMMENT '角色id',
  `menu_type` int NOT NULL DEFAULT '0' COMMENT '0:aside 1:header',
  `comment` varchar(256) CHARACTER SET utf8mb4 COLLATE utf8mb4_0900_ai_ci DEFAULT NULL COMMENT '描述',
  `menu` text CHARACTER SET utf8mb4 COLLATE utf8mb4_0900_ai_ci NOT NULL,
  `create_time` timestamp NOT NULL DEFAULT CURRENT_TIMESTAMP,
  `update_time` timestamp NOT NULL DEFAULT CURRENT_TIMESTAMP ON UPDATE CURRENT_TIMESTAMP,
  PRIMARY KEY (`id`) USING BTREE
) ENGINE=InnoDB AUTO_INCREMENT=17 DEFAULT CHARSET=utf8mb4 COLLATE=utf8mb4_0900_ai_ci;

-- ----------------------------
-- Records of auth_menu
-- ----------------------------
BEGIN;
INSERT INTO `auth_menu` VALUES (10, 1, 0, 'super_admin', '[\n  {\n    title: \'首页\',\n    icon: \'home\',\n    children: [\n      { path: \'/dashboard\', title: \'仪表盘\', icon: \'area-chart\' },\n      { path: \'/dashboard/hot\', title: \'热门排行\', icon: \'fire\' },\n      { path: \'/dashboard/pipeline\', title: \'任务视图\', icon: \'modx\' }\n    ]\n  },\n  {\n    title: \'全局配置\',\n    icon: \'cogs\',\n    children: [\n      { path: \'/env\', title: \'环境配置\', icon: \'cog\' },\n      { path: \'/tag\', title: \'标签配置\', icon: \'tags\' },\n      { path: \'/workorder/mgmt\', title: \'工单配置\', icon: \'ticket\' },\n      { path: \'/setting/keybox\', title: \'密钥管理\', icon: \'key\' },\n      { path: \'/setting/global\', title: \'系统参数\', icon: \'cog\' }\n    ]\n  },\n  {\n    title: \'应用配置\',\n    icon: \'codepen\',\n    children: [\n      { path: \'/application\', title: \'应用\', iconSvg: \'application\' }\n    ]\n  },\n  {\n    title: \'我的工作台\',\n    icon: \'desktop\',\n    children: [\n      { path: \'/workbench/continuous-integration\', title: \'持续集成\', icon: \'envira\' },\n      { path: \'/workbench/jump\', title: \'堡垒机\', icon: \'terminal\' },\n      { path: \'/workbench/web-terminal\', title: \'Web终端\', iconSvg: \'xterm\' },\n      { path: \'/workbench/application\', title: \'我的应用\', iconSvg: \'k8s-application\' }\n    ]\n  },\n  {\n    title: \'Caesar配置\',\n    icon: \'connectdevelop\',\n    children: [\n      { path: \'/caesar/instance\', title: \'实例管理\', iconSvg: \'caesar\' }\n    ]\n  },\n  {\n    title: \'Jenkins配置\',\n    icon: \'google-wallet\',\n    children: [\n      { path: \'/jenkins/instance\', title: \'实例管理\', iconSvg: \'jenkins\' },\n      { path: \'/jenkins/job/template\', title: \'任务模版\', iconSvg: \'template\' },\n      { path: \'/jenkins/job/template/version\', title: \'模版版本\', iconSvg: \'template\' }\n    ]\n  },\n  {\n    title: \'Gitlab配置\',\n    icon: \'gitlab\',\n    children: [\n      { path: \'/gitlab/instance\', title: \'实例管理\', icon: \'git\' },\n      { path: \'/gitlab/group\', title: \'群组管理\', icon: \'th-large\' },\n      { path: \'/gitlab/project\', title: \'项目管理\', icon: \'th-list\' }\n    ]\n  },\n  {\n    title: \'存储管理\',\n    icon: \'database\',\n    children: [\n      { path: \'/storage/oss\', title: \'对象存储\', iconSvg: \'oss\' }\n    ]\n  },\n  {\n    title: \'通知中心\',\n    icon: \'volume-control-phone\',\n    children: [\n      { path: \'/dingtalk\', title: \'钉钉配置\', iconSvg: \'dingtalk\' }\n    ]\n  },\n  {\n    title: \'服务器管理\',\n    icon: \'server\',\n    children: [\n      { path: \'/server\', title: \'服务器\', icon: \'server\' },\n      { path: \'/server/attribute\', title: \'服务器属性\', icon: \'tag\' },\n      { path: \'/server/group\', title: \'服务器组\', icon: \'window-restore\' },\n      { path: \'/server/group/type\', title: \'服务器组类型\', icon: \'align-justify\' }\n    ]\n  },\n  {\n    title: \'Kubernetes\',\n    icon: \'dropbox\',\n    children: [\n      { path: \'/kubernetes/application\', title: \'应用管理\', iconSvg: \'k8s-application\' },\n      { path: \'/kubernetes/application/instance\', title: \'应用实例管理\', iconSvg: \'k8s-instance\' },\n      { path: \'/kubernetes/cluster\', title: \'集群管理\', iconSvg: \'kubernetes\' },\n      { path: \'/kubernetes/deployment\', title: \'无状态管理\', iconSvg: \'k8s-deployment\' },\n      { path: \'/kubernetes/service\', title: \'服务管理\', iconSvg: \'k8s-service\' },\n      { path: \'/kubernetes/template\', title: \'模版管理\', iconSvg: \'YAML\' }\n    ]\n  },\n  {\n    title: \'堡垒机\',\n    icon: \'empire\',\n    children: [\n      { path: \'/jump/jumpserver/settings\', title: \'Jump设置\', icon: \'cog\' },\n      { path: \'/jump/jumpserver/user\', title: \'用户管理\', icon: \'user\' },\n      { path: \'/jump/jumpserver/asset\', title: \'资产管理\', icon: \'server\' },\n      { path: \'/term/session\', title: \'Web终端会话\', icon: \'server\' } \n    ]\n  },\n  {\n    title: \'用户管理\',\n    icon: \'user-circle\',\n    children: [\n      { path: \'/user\', title: \'用户\', icon: \'user\' },\n      { path: \'/user/group\', title: \'用户组\', icon: \'users\' },\n      { path: \'/user/retired\', title: \'用户离职管理\', icon: \'user\' },\n      { path: \'/org\', title: \'组织架构\', icon:\'sitemap\'},\n      { path: \'/org/department\', title: \'部门管理\', icon: \'connectdevelop\' }\n    ]\n  },\n  {\n    title: \'任务管理\',\n    icon: \'th-list\',\n    children: [\n      { path: \'/task/ansible/mgmt\', title: \'配置管理\', icon: \'file-text-o\' },\n      { path: \'/task/profile/subscription\', title: \'配置订阅\', iconSvg: \'subscription\' },\n      { path: \'/task/command\', title: \'批量命令\', icon: \'terminal\' },\n      { path: \'/task/script\', title: \'批量脚本\', icon: \'retweet\' },\n      { path: \'/task/playbook\', title: \'playbook\', icon: \'recycle\' },\n      { path: \'/task/history\', title: \'任务查询\', icon: \'yelp\' }\n    ]\n  },\n  {\n    title: \'RBAC配置\',\n    icon: \'address-card\',\n    children: [\n      { path: \'/auth/resource\', title: \'资源管理\', icon: \'modx\' },\n      { path: \'/auth/role\', title: \'角色管理\', icon: \'users\' },\n      { path: \'/auth/user/role\', title: \'用户角色配置\', icon: \'id-card\' }\n    ]\n  },\n  {\n    title: \'个人详情\',\n    icon: \'user-o\',\n    children: [\n      { path: \'/user/detail\', title: \'我的详情\', icon: \'address-book\' }\n    ]\n  }\n]\n', '2020-04-23 08:56:17', '2021-04-20 15:02:53');
INSERT INTO `auth_menu` VALUES (11, 2, 0, 'admin', '[\n  {\n    title: \'全局配置\',\n    icon: \'cogs\',\n    children: [\n      { path: \'/env\', title: \'环境配置\', icon: \'cog\' },\n      { path: \'/tag\', title: \'标签配置\', icon: \'cog\' }\n    ]\n  },\n  {\n    title: \'服务器管理\',\n    icon: \'server\',\n    children: [\n      { path: \'/server\', title: \'服务器\', icon: \'server\' },\n      { path: \'/server/attribute\', title: \'服务器属性\', icon: \'tag\' },\n      { path: \'/server/group\', title: \'服务器组\', icon: \'window-restore\' },\n      { path: \'/server/group/type\', title: \'服务器组类型\', icon: \'align-justify\' }\n    ]\n  },\n  {\n    title: \'云主机管理\',\n    icon: \'cloud\',\n    children: [\n      { path: \'/cloud/server/ecs\', title: \'ECS\', iconSvg: \'aliyun-ecs\' },\n      { path: \'/cloud/server/ec2\', title: \'EC2\', iconSvg: \'amazonaws\' },\n      { path: \'/cloud/server/esxi\', title: \'ESXI\', iconSvg: \'vmware\' },\n      // tencent\n      { path: \'/cloud/server/vm\', title: \'VM\', iconSvg: \'vmware\' },\n      { path: \'/cloud/server/zabbixhost\', title: \'ZabbixHost\', iconSvg: \'zabbix\' }\n    ]\n  },\n   {\n    title: \'阿里云\',\n    icon: \'cloud\',\n    children: [\n      { path: \'/cloud/aliyun/ram\', title: \'访问控制管理\', iconSvg: \'aliyun-ram\' }\n    ]\n  }, \n  {\n    title: \'云数据库\',\n    icon: \'database\',\n    children: [\n      { path: \'/cloud/db/instance\', title: \'数据库实例\', icon: \'cube\' },\n      { path: \'/cloud/db/database\', title: \'数据库\', icon: \'cubes\' },\n      { path: \'/cloud/db/database/slowlog\', title: \'慢日志\', icon: \'warning\' },\n      { path: \'/cloud/db/my/database\', title: \'我的数据库\', icon: \'diamond\' }\n    ]\n  },\n  {\n    title: \'堡垒机\',\n    icon: \'empire\',\n    children: [\n      { path: \'/jump/jumpserver/settings\', title: \'设置\', icon: \'cog\' },\n      { path: \'/jump/jumpserver/user\', title: \'用户管理\', icon: \'user\' },\n      { path: \'/jump/jumpserver/asset\', title: \'资产管理\', icon: \'server\' },\n      { path: \'/term/session\', title: \'Web终端会话\', icon: \'server\' }\n    ]\n  },\n  {\n    title: \'我的工作台\',\n    icon: \'desktop\',\n    children: [\n      { path: \'/workbench/workorder\', title: \'工单\', icon: \'list\' },\n      { path: \'/workbench/jump\', title: \'堡垒机\', icon: \'terminal\' },\n      { path: \'/workbench/xterm\', title: \'web终端\', iconSvg: \'xterm\' },\n      { path: \'/workbench/application\', title: \'我的应用\', iconSvg: \'k8s-application\' }\n    ]\n  },\n  {\n    title: \'用户管理\',\n    icon: \'user-circle\',\n    children: [\n      { path: \'/user\', title: \'用户\', icon: \'user\' },\n      { path: \'/user/group\', title: \'用户组\', icon: \'users\' },\n      { path: \'/org/department\', title: \'部门管理\', icon: \'connectdevelop\' }\n    ]\n  },\n  {\n    title: \'RBAC配置\',\n    icon: \'address-card\',\n    children: [\n      { path: \'/auth/resource\', title: \'资源管理\', icon: \'modx\' },\n      { path: \'/auth/role\', title: \'角色管理\', icon: \'users\' },\n      { path: \'/auth/user/role\', title: \'用户角色配置\', icon: \'id-card\' }\n    ]\n  },\n  {\n    title: \'任务管理\',\n    icon: \'th-list\',\n    children: [\n      { path: \'/task/ansible-mgmt\', title: \'配置管理\', icon: \'file-text-o\' },\n      { path: \'/task/command\', title: \'批量命令\', icon: \'terminal\' },\n      { path: \'/task/script\', title: \'批量脚本\', icon: \'retweet\' },\n      { path: \'/task/playbook\', title: \'playbook\', icon: \'recycle\' },\n      { path: \'/task/history\', title: \'任务查询\', icon: \'yelp\' }\n    ]\n  },\n  {\n    title: \'个人详情\',\n    icon: \'user-o\',\n    children: [\n      { path: \'/user/detail\', title: \'我的详情\', icon: \'address-book\' }\n    ]\n  }\n]\n', '2020-04-23 11:12:46', '2020-07-05 20:54:39');
INSERT INTO `auth_menu` VALUES (12, 3, 0, 'ops', '[\n  {\n    title: \'全局配置\',\n    icon: \'cogs\',\n    children: [\n      { path: \'/env\', title: \'环境配置\', icon: \'cog\' },\n      { path: \'/tag\', title: \'标签配置\', icon: \'cog\' }\n    ]\n  },\n  {\n    title: \'服务器管理\',\n    icon: \'server\',\n    children: [\n      { path: \'/server\', title: \'服务器\', icon: \'server\' },\n      { path: \'/server/attribute\', title: \'服务器属性\', icon: \'tag\' },\n      { path: \'/server/group\', title: \'服务器组\', icon: \'window-restore\' },\n      { path: \'/server/group/type\', title: \'服务器组类型\', icon: \'align-justify\' }\n    ]\n  },\n  {\n    title: \'云主机管理\',\n    icon: \'cloud\',\n    children: [\n      { path: \'/cloud/server/ecs\', title: \'ECS\', iconSvg: \'aliyun-ecs\' },\n      { path: \'/cloud/server/ec2\', title: \'EC2\', iconSvg: \'amazonaws\' },\n      { path: \'/cloud/server/esxi\', title: \'ESXI\', iconSvg: \'vmware\' },\n      // tencent\n      { path: \'/cloud/server/vm\', title: \'VM\', iconSvg: \'vmware\' },\n      { path: \'/cloud/server/zabbixhost\', title: \'ZabbixHost\', iconSvg: \'zabbix\' }\n    ]\n  },\n   {\n    title: \'阿里云\',\n    icon: \'cloud\',\n    children: [\n      { path: \'/cloud/aliyun/ram\', title: \'访问控制管理\', iconSvg: \'aliyun-ram\' }\n    ]\n  },\n   {\n    title: \'Kubernetes\',\n    icon: \'dropbox\',\n    children: [\n      { path: \'/kubernetes/application\', title: \'应用管理\', iconSvg: \'k8s-application\' },\n      { path: \'/kubernetes/application/instance\', title: \'应用实例管理\', iconSvg: \'k8s-instance\' },\n      { path: \'/kubernetes/cluster\', title: \'集群管理\', iconSvg: \'kubernetes\' },\n      { path: \'/kubernetes/deployment\', title: \'无状态管理\', iconSvg: \'k8s-deployment\' },\n      { path: \'/kubernetes/service\', title: \'服务管理\', iconSvg: \'k8s-service\' },\n      { path: \'/kubernetes/template\', title: \'模版管理\', iconSvg: \'YAML\' }\n    ]\n  },\n  {\n    title: \'云数据库\',\n    icon: \'database\',\n    children: [\n      { path: \'/cloud/db/instance\', title: \'数据库实例\', icon: \'cube\' },\n      { path: \'/cloud/db/database\', title: \'数据库\', icon: \'cubes\' },\n      { path: \'/cloud/db/database/slowlog\', title: \'慢日志\', icon: \'warning\' },\n      { path: \'/cloud/db/my/database\', title: \'我的数据库\', icon: \'diamond\' }\n    ]\n  },\n  {\n    title: \'堡垒机\',\n    icon: \'empire\',\n    children: [\n      { path: \'/jump/jumpserver/settings\', title: \'设置\', icon: \'cog\' },\n      { path: \'/jump/jumpserver/user\', title: \'用户管理\', icon: \'user\' },\n      { path: \'/jump/jumpserver/asset\', title: \'资产管理\', icon: \'server\' },\n      { path: \'/term/session\', title: \'Web终端会话\', icon: \'server\' }\n    ]\n  },\n  {\n    title: \'我的工作台\',\n    icon: \'desktop\',\n    children: [\n      { path: \'/workbench/workorder\', title: \'工单\', icon: \'list\' },\n      { path: \'/workbench/jump\', title: \'堡垒机\', icon: \'terminal\' },\n      { path: \'/workbench/xterm\', title: \'web终端\', iconSvg: \'xterm\' },\n      { path: \'/workbench/application\', title: \'我的应用\', iconSvg: \'k8s-application\' }\n    ]\n  },\n  {\n    title: \'用户管理\',\n    icon: \'user-circle\',\n    children: [\n      { path: \'/user\', title: \'用户\', icon: \'user\' },\n      { path: \'/user/group\', title: \'用户组\', icon: \'users\' },\n      { path: \'/org/department\', title: \'部门管理\', icon: \'connectdevelop\' }\n    ]\n  },\n   {\n    title: \'RBAC配置\',\n    icon: \'address-card\',\n    children: [\n      { path: \'/auth/resource\', title: \'资源管理\', icon: \'modx\' },\n      { path: \'/auth/role\', title: \'角色管理\', icon: \'users\' },\n      { path: \'/auth/user/role\', title: \'用户角色配置\', icon: \'id-card\' }\n    ]\n  },\n  {\n    title: \'任务管理\',\n    icon: \'th-list\',\n    children: [\n      { path: \'/task/ansible-mgmt\', title: \'配置管理\', icon: \'file-text-o\' },\n      { path: \'/task/command\', title: \'批量命令\', icon: \'terminal\' },\n      { path: \'/task/script\', title: \'批量脚本\', icon: \'retweet\' },\n      { path: \'/task/playbook\', title: \'playbook\', icon: \'recycle\' },\n      { path: \'/task/history\', title: \'任务查询\', icon: \'yelp\' }\n    ]\n  },\n  {\n    title: \'个人详情\',\n    icon: \'user-o\',\n    children: [\n      { path: \'/user/detail\', title: \'我的详情\', icon: \'address-book\' }\n    ]\n  }\n]\n', '2020-04-23 11:14:17', '2020-07-07 17:55:27');
INSERT INTO `auth_menu` VALUES (13, 4, 0, 'dev', '[\n {\n    title: \'首页\',\n    icon: \'home\',\n    children: [\n      { path: \'/dashboard\', title: \'仪表盘\', icon: \'area-chart\' },\n      { path: \'/dashboard/hot\', title: \'热门排行\', icon: \'fire\' },\n      { path: \'/dashboard/pipeline\', title: \'流水线视图\', icon: \'modx\' }\n    ]\n  },\n {\n    title: \'我的工作台\',\n    icon: \'desktop\',\n    children: [\n      { path: \'/workbench/continuous-integration\', title: \'持续集成\', icon: \'envira\' },\n      { path: \'/workbench/xterm\', title: \'web终端\', iconSvg: \'xterm\' }\n    ]\n  },\n  {\n    title: \'应用配置\',\n    icon: \'codepen\',\n    children: [\n      { path: \'/application\', title: \'应用\', iconSvg: \'application\' }\n    ]\n  },\n  {\n    title: \'个人详情\',\n    icon: \'user-o\',\n    children: [\n      { path: \'/user/detail\', title: \'我的详情\', icon: \'address-book\' }\n    ]\n  }\n]\n', '2020-04-23 11:17:22', '2021-04-06 11:27:06');
INSERT INTO `auth_menu` VALUES (14, 5, 0, 'base', '[\n  {\n    title: \'用户管理\',\n    icon: \'user-circle\',\n    children: [\n      { path: \'/user\', title: \'用户\', icon: \'user\' },\n      { path: \'/user/group\', title: \'用户组\', icon: \'users\' },\n      { path: \'/org/department\', title: \'部门管理\', icon: \'connectdevelop\' }\n    ]\n  },\n  {\n    title: \'个人详情\',\n    icon: \'user-o\',\n    children: [\n      { path: \'/user/detail\', title: \'我的详情\', icon: \'address-book\' }\n    ]\n  }\n]\n', '2020-04-23 11:18:04', '2020-04-23 11:18:04');
INSERT INTO `auth_menu` VALUES (15, 13, 0, 'aliyun_log_admin', '[\n  {\n    title: \'服务器管理\',\n    icon: \'server\',\n    children: [\n      { path: \'/server\', title: \'服务器\', icon: \'server\' },\n      { path: \'/server/attribute\', title: \'服务器属性\', icon: \'tag\' },\n      { path: \'/server/group\', title: \'服务器组\', icon: \'window-restore\' },\n      { path: \'/server/group/type\', title: \'服务器组类型\', icon: \'align-justify\' }\n    ]\n  },\n  {\n    title: \'云主机管理\',\n    icon: \'cloud\',\n    children: [\n      { path: \'/cloud/server/ecs\', title: \'ECS\', iconSvg: \'aliyun-ecs\' },\n      { path: \'/cloud/server/ec2\', title: \'EC2\', iconSvg: \'amazonaws\' },\n      { path: \'/cloud/server/esxi\', title: \'ESXI\', iconSvg: \'vmware\' },\n      { path: \'/cloud/server/vm\', title: \'VM\', iconSvg: \'vmware\' },\n      { path: \'/cloud/server/zabbixhost\', title: \'ZabbixHost\', iconSvg: \'zabbix\' }\n    ]\n  },\n  {\n    title: \'阿里云\',\n    icon: \'cloud\',\n    children: [\n      { path: \'/cloud/aliyun/ram\', title: \'访问控制管理\', iconSvg: \'aliyun-ram\' },\n      { path: \'/cloud/aliyun/log\', title: \'日志服务管理\', iconSvg: \'aliyun-log\' }\n    ]\n  },\n  {\n    title: \'云数据库\',\n    icon: \'database\',\n    children: [\n      { path: \'/cloud/db/instance\', title: \'数据库实例\', icon: \'cube\' },\n      { path: \'/cloud/db/database\', title: \'数据库\', icon: \'cubes\' },\n      { path: \'/cloud/db/database/slowlog\', title: \'慢日志\', icon: \'warning\' },\n      { path: \'/cloud/db/my/database\', title: \'我的数据库\', icon: \'diamond\' }\n    ]\n  },\n  {\n    title: \'我的工作台\',\n    icon: \'desktop\',\n    children: [\n      { path: \'/workbench/workorder\', title: \'工单\', icon: \'list\' },\n      { path: \'/workbench/jump\', title: \'堡垒机\', icon: \'terminal\' },\n      { path: \'/workbench/xterm\', title: \'web终端\', icon: \'object-ungroup\' }\n    ]\n  },\n  {\n    title: \'用户管理\',\n    icon: \'user-circle\',\n    children: [\n      { path: \'/user\', title: \'用户\', icon: \'user\' },\n      { path: \'/user/group\', title: \'用户组\', icon: \'users\' },\n      { path: \'/org/department\', title: \'部门管理\', icon: \'connectdevelop\' }\n    ]\n  },\n  {\n    title: \'任务管理\',\n    icon: \'th-list\',\n    children: [\n      { path: \'/task/ansible-mgmt\', title: \'配置管理\', icon: \'file-text-o\' },\n      { path: \'/task/command\', title: \'批量命令\', icon: \'terminal\' },\n      { path: \'/task/script\', title: \'批量脚本\', icon: \'retweet\' },\n      { path: \'/task/ansible\', title: \'playbook\', icon: \'recycle\' }\n    ]\n  },\n  {\n    title: \'个人详情\',\n    icon: \'user-o\',\n    children: [\n      { path: \'/user/detail\', title: \'我的详情\', icon: \'address-book\' }\n    ]\n  }\n]\n', '2020-06-15 17:45:51', '2020-06-15 17:46:32');
INSERT INTO `auth_menu` VALUES (16, 15, 0, 'pangu', '', '2020-07-10 11:36:38', '2020-07-10 11:36:38');
COMMIT;

-- ----------------------------
-- Table structure for auth_resource
-- ----------------------------
DROP TABLE IF EXISTS `auth_resource`;
CREATE TABLE `auth_resource` (
  `id` int unsigned NOT NULL AUTO_INCREMENT,
  `group_id` int NOT NULL COMMENT '资源组id',
  `resource_name` varchar(128) CHARACTER SET utf8mb4 COLLATE utf8mb4_0900_ai_ci NOT NULL DEFAULT '' COMMENT '资源名称',
  `comment` varchar(256) CHARACTER SET utf8mb4 COLLATE utf8mb4_0900_ai_ci DEFAULT NULL,
  `need_auth` tinyint(1) NOT NULL DEFAULT '1' COMMENT '是否鉴权',
  `ui` tinyint(1) NOT NULL DEFAULT '0' COMMENT '用户界面',
  `create_time` timestamp NOT NULL DEFAULT CURRENT_TIMESTAMP,
  `update_time` timestamp NOT NULL DEFAULT CURRENT_TIMESTAMP ON UPDATE CURRENT_TIMESTAMP,
  PRIMARY KEY (`id`) USING BTREE,
  UNIQUE KEY `resource_name` (`resource_name`) USING BTREE
) ENGINE=InnoDB AUTO_INCREMENT=517 DEFAULT CHARSET=utf8mb4 COLLATE=utf8mb4_0900_ai_ci;

-- ----------------------------
-- Records of auth_resource
-- ----------------------------
BEGIN;
INSERT INTO `auth_resource` VALUES (1, 1, '/api/log/login', '用户登录接口', 0, 0, '2020-02-18 18:39:09', '2021-06-30 18:24:51');
INSERT INTO `auth_resource` VALUES (2, 1, '/api/auth/role/page/query', '角色分页查询', 1, 0, '2020-02-14 10:40:38', '2021-06-30 18:25:14');
INSERT INTO `auth_resource` VALUES (3, 1, '/api/auth/role/add', '新增角色', 1, 0, '2020-02-14 20:27:57', '2021-06-30 18:25:14');
INSERT INTO `auth_resource` VALUES (4, 1, '/api/auth/role/update', '更新角色配置', 1, 0, '2020-02-14 20:28:11', '2021-06-30 18:25:14');
INSERT INTO `auth_resource` VALUES (5, 1, '/api/auth/role/del', '删除角色', 1, 0, '2020-02-14 20:28:36', '2021-06-30 18:25:14');
INSERT INTO `auth_resource` VALUES (6, 1, '/api/auth/resource/page/query', '资源分页查询', 1, 0, '2020-02-14 22:11:59', '2021-06-30 18:25:14');
INSERT INTO `auth_resource` VALUES (7, 1, '/api/auth/resource/add', '新增资源', 1, 1, '2020-02-14 22:12:14', '2021-06-30 18:25:14');
INSERT INTO `auth_resource` VALUES (8, 1, '/api/auth/resource/update', '更新资源配置', 1, 1, '2020-02-14 22:12:23', '2021-06-30 18:25:14');
INSERT INTO `auth_resource` VALUES (9, 1, '/api/auth/resource/del', '删除资源', 1, 0, '2020-02-14 22:12:33', '2021-06-30 18:25:14');
INSERT INTO `auth_resource` VALUES (10, 1, '/api/auth/group/page/query', '资源组分页查询', 1, 0, '2020-02-15 17:33:30', '2021-06-30 18:25:14');
INSERT INTO `auth_resource` VALUES (15, 1, '/api/auth/group/add', '新增资源组', 1, 0, '2020-02-18 13:57:54', '2021-06-30 18:25:14');
INSERT INTO `auth_resource` VALUES (16, 1, '/api/auth/group/del', '删除资源组', 1, 0, '2020-02-18 13:58:03', '2021-06-30 18:25:14');
INSERT INTO `auth_resource` VALUES (17, 1, '/api/auth/group/update', '更新资源组', 1, 0, '2020-02-18 13:58:27', '2021-06-30 18:25:14');
INSERT INTO `auth_resource` VALUES (27, 1, '/api/auth/role/resource/bind/page/query', '分页查询角色绑定的资源列表', 1, 0, '2020-02-19 12:08:55', '2021-06-30 18:25:14');
INSERT INTO `auth_resource` VALUES (29, 1, '/api/auth/role/resource/add', '角色资源关联', 1, 0, '2020-02-19 19:04:14', '2021-06-30 18:25:14');
INSERT INTO `auth_resource` VALUES (30, 1, '/api/auth/role/resource/del', '角色资源删除', 1, 0, '2020-02-19 19:04:22', '2021-06-30 18:25:14');
INSERT INTO `auth_resource` VALUES (31, 1, '/api/auth/user/role/page/query', '用户角色分页查询', 1, 0, '2020-02-20 10:36:25', '2021-06-30 18:25:14');
INSERT INTO `auth_resource` VALUES (32, 2, '/api/user/page/query', '用户查询接口', 1, 0, '2020-02-20 11:59:30', '2021-06-30 18:25:14');
INSERT INTO `auth_resource` VALUES (33, 1, '/api/auth/user/role/add', '新增用户角色配置', 1, 0, '2020-02-20 12:33:40', '2021-06-30 18:25:14');
INSERT INTO `auth_resource` VALUES (34, 1, '/api/auth/user/role/del', '删除用户角色配置', 1, 0, '2020-02-20 12:34:01', '2021-06-30 18:25:14');
INSERT INTO `auth_resource` VALUES (165, 1, '/api/auth/menu/query', '用户菜单查询', 1, 0, '2020-04-23 09:41:41', '2021-06-30 18:25:14');
INSERT INTO `auth_resource` VALUES (188, 1, '/api/auth/role/menu/save', '保存角色菜单配置', 1, 1, '2020-05-19 10:47:21', '2021-06-30 18:25:14');
INSERT INTO `auth_resource` VALUES (189, 1, '/api/auth/role/menu/query', '查询角色菜单配置', 1, 0, '2020-05-19 10:47:40', '2021-06-30 18:25:14');
INSERT INTO `auth_resource` VALUES (236, 1, '/api/home', '首页', 0, 0, '2020-06-16 19:23:05', '2021-06-30 18:25:14');
INSERT INTO `auth_resource` VALUES (386, 1, '/api/auth/token/revoke', '吊销所有用户令牌', 1, 0, '2021-04-19 13:59:19', '2021-06-30 18:25:14');
INSERT INTO `auth_resource` VALUES (389, 40, '/api/datasource/config/page/query', '分页查询数据源配置', 1, 0, '2021-05-15 15:45:34', '2021-06-30 18:25:14');
INSERT INTO `auth_resource` VALUES (390, 40, '/api/datasource/config/add', '新增数据源配置', 1, 0, '2021-05-17 11:31:50', '2021-06-30 18:25:14');
INSERT INTO `auth_resource` VALUES (391, 40, '/api/datasource/config/update', '更新数据源配置', 1, 0, '2021-05-17 11:32:11', '2021-06-30 18:25:14');
INSERT INTO `auth_resource` VALUES (392, 41, '/api/sys/credential/kind/options/get', '查询系统凭据分类选项', 1, 0, '2021-05-17 17:27:17', '2021-06-30 18:25:14');
INSERT INTO `auth_resource` VALUES (393, 41, '/api/sys/credential/page/query', '分页查询系统凭据列表', 1, 0, '2021-05-17 17:45:36', '2021-06-30 18:25:14');
INSERT INTO `auth_resource` VALUES (394, 41, '/api/sys/credential/add', '新增系统凭据配置', 1, 0, '2021-05-18 11:08:17', '2021-06-30 18:25:14');
INSERT INTO `auth_resource` VALUES (395, 41, '/api/sys/credential/update', '更新系统凭据配置', 1, 0, '2021-05-18 11:08:30', '2021-06-30 18:25:14');
INSERT INTO `auth_resource` VALUES (396, 42, '/api/tag/page/query', '分页查询标签列表', 1, 0, '2021-05-19 15:05:44', '2021-06-30 18:25:14');
INSERT INTO `auth_resource` VALUES (397, 42, '/api/tag/add', '新增标签信息', 1, 0, '2021-05-19 15:06:00', '2021-06-30 18:25:14');
INSERT INTO `auth_resource` VALUES (398, 42, '/api/tag/update', '更新标签信息', 1, 0, '2021-05-19 15:06:11', '2021-06-30 18:25:14');
INSERT INTO `auth_resource` VALUES (399, 42, '/api/tag/business/options/get', '查询业务类型选项', 1, 0, '2021-05-19 15:36:29', '2021-06-30 18:25:14');
INSERT INTO `auth_resource` VALUES (400, 40, '/api/datasource/instance/register', '注册数据源实例', 1, 0, '2021-05-19 18:12:34', '2021-06-30 18:25:14');
INSERT INTO `auth_resource` VALUES (401, 40, '/api/datasource/instance/query', '查询数据源实例', 1, 0, '2021-05-20 09:32:40', '2021-06-30 18:25:14');
INSERT INTO `auth_resource` VALUES (402, 42, '/api/tag/business/type/get', '按类型查询所有标签', 1, 0, '2021-05-20 12:52:05', '2021-06-30 18:25:14');
INSERT INTO `auth_resource` VALUES (404, 42, '/api/tag/business/update', '更新业务标签', 1, 0, '2021-05-20 13:32:37', '2021-06-30 18:25:14');
INSERT INTO `auth_resource` VALUES (405, 40, '/api/datasource/config/type/options/get', '查询数据源配置类型选项', 1, 0, '2021-05-21 10:36:20', '2021-06-30 18:25:14');
INSERT INTO `auth_resource` VALUES (406, 43, '/api/server/group/type/page/query', '分页查询服务器组类型列表', 1, 0, '2021-05-24 11:19:04', '2021-06-30 18:25:14');
INSERT INTO `auth_resource` VALUES (407, 43, '/api/server/group/type/add', '新增服务器组类型', 1, 0, '2021-05-24 11:19:33', '2021-06-30 18:25:14');
INSERT INTO `auth_resource` VALUES (408, 43, '/api/server/group/type/update', '更新服务器组类型', 1, 0, '2021-05-24 11:19:53', '2021-06-30 18:25:14');
INSERT INTO `auth_resource` VALUES (409, 43, '/api/server/group/type/del', '删除指定的服务器组类型', 1, 0, '2021-05-24 11:20:06', '2021-06-30 18:25:14');
INSERT INTO `auth_resource` VALUES (410, 43, '/api/server/group/page/query', '分页查询服务器组列表', 1, 0, '2021-05-24 14:31:11', '2021-06-30 18:25:14');
INSERT INTO `auth_resource` VALUES (411, 43, '/api/server/group/add', '新增服务器组', 1, 0, '2021-05-24 14:31:38', '2021-06-30 18:25:14');
INSERT INTO `auth_resource` VALUES (412, 43, '/api/server/group/update', '更新服务器组', 1, 0, '2021-05-24 15:41:51', '2021-06-30 18:25:14');
INSERT INTO `auth_resource` VALUES (413, 45, '/api/server/account/page/query', '分页查询服务器账户列表', 1, 0, '2021-05-25 11:44:49', '2021-06-30 18:25:14');
INSERT INTO `auth_resource` VALUES (414, 44, '/api/server/protocol/options/get', '查询服务器协议选项', 1, 0, '2021-05-25 13:40:14', '2021-06-30 18:25:14');
INSERT INTO `auth_resource` VALUES (415, 45, '/api/server/account/add', '新增服务器账户', 1, 0, '2021-05-25 14:31:29', '2021-06-30 18:25:14');
INSERT INTO `auth_resource` VALUES (416, 45, '/api/server/account/update', '更新服务器账户', 1, 0, '2021-05-25 14:31:38', '2021-06-30 18:25:14');
INSERT INTO `auth_resource` VALUES (417, 46, '/api/sys/env/page/query', '分页查询环境列表', 1, 0, '2021-05-25 17:23:17', '2021-06-30 18:25:14');
INSERT INTO `auth_resource` VALUES (418, 46, '/api/sys/env/add', '新增环境', 1, 0, '2021-05-25 17:23:30', '2021-06-30 18:25:14');
INSERT INTO `auth_resource` VALUES (419, 46, '/api/sys/env/update', '更新环境', 1, 0, '2021-05-25 17:23:40', '2021-06-30 18:25:14');
INSERT INTO `auth_resource` VALUES (420, 46, '/api/sys/env/del', '删除指定的环境', 1, 0, '2021-05-25 17:23:56', '2021-06-30 18:25:14');
INSERT INTO `auth_resource` VALUES (421, 44, '/api/server/page/query', '分页查询服务器列表', 1, 0, '2021-05-25 18:02:07', '2021-06-30 18:25:14');
INSERT INTO `auth_resource` VALUES (422, 44, '/api/server/add', '新增服务器', 1, 0, '2021-05-26 10:01:46', '2021-06-30 18:25:14');
INSERT INTO `auth_resource` VALUES (423, 44, '/api/server/update', '更新服务器', 1, 0, '2021-05-26 10:02:00', '2021-06-30 18:25:14');
INSERT INTO `auth_resource` VALUES (424, 44, '/api/server/del', '删除指定的服务器', 1, 0, '2021-05-26 10:02:19', '2021-06-30 18:25:14');
INSERT INTO `auth_resource` VALUES (425, 45, '/api/server/account/permission/update', '更新服务器账户授权', 1, 0, '2021-05-26 15:00:11', '2021-06-30 18:25:14');
INSERT INTO `auth_resource` VALUES (426, 2, '/api/user/add', '新增用户', 1, 0, '2021-05-27 09:21:29', '2021-06-30 18:25:14');
INSERT INTO `auth_resource` VALUES (427, 2, '/api/user/update', '更新用户', 1, 0, '2021-05-27 09:21:44', '2021-06-30 18:25:14');
INSERT INTO `auth_resource` VALUES (428, 2, '/api/user/del', '删除指定的用户', 1, 0, '2021-05-27 09:21:59', '2021-06-30 18:25:14');
INSERT INTO `auth_resource` VALUES (430, 2, '/api/user/business/permission/revoke', '解除用户业务许可', 1, 0, '2021-05-27 14:49:07', '2021-06-30 18:25:14');
INSERT INTO `auth_resource` VALUES (431, 2, '/api/user/business/permission/grant', '授予用户业务许可', 1, 0, '2021-05-27 14:56:53', '2021-06-30 18:25:14');
INSERT INTO `auth_resource` VALUES (433, 2, '/api/user/business/permission/set', '设置用户业务许可（角色）', 1, 0, '2021-05-27 17:36:45', '2021-06-30 18:25:14');
INSERT INTO `auth_resource` VALUES (434, 2, '/api/user/server/tree/query', '查询用户的服务器树', 1, 0, '2021-05-28 14:43:33', '2021-06-30 18:25:14');
INSERT INTO `auth_resource` VALUES (435, 1, '/api/auth/user/role/update', '更新用户角色', 1, 0, '2021-06-01 17:43:28', '2021-06-30 18:25:14');
INSERT INTO `auth_resource` VALUES (436, 47, '/api/sys/menu/save', '保存菜单', 1, 0, '2021-06-02 14:26:45', '2021-06-30 18:25:14');
INSERT INTO `auth_resource` VALUES (437, 47, '/api/sys/menu/child/save', '保存子菜单', 1, 0, '2021-06-02 14:26:55', '2021-06-30 18:25:14');
INSERT INTO `auth_resource` VALUES (438, 47, '/api/sys/menu/del', '删除菜单', 1, 0, '2021-06-02 14:27:15', '2021-06-30 18:25:14');
INSERT INTO `auth_resource` VALUES (439, 47, '/api/sys/menu/child/del', '删除子菜单', 1, 0, '2021-06-02 14:27:25', '2021-06-30 18:25:14');
INSERT INTO `auth_resource` VALUES (440, 47, '/api/sys/menu/query', '查询菜单', 1, 0, '2021-06-02 14:27:35', '2021-06-30 18:25:14');
INSERT INTO `auth_resource` VALUES (441, 47, '/api/sys/menu/child/query', '查询子菜单', 1, 0, '2021-06-02 14:27:53', '2021-06-30 18:25:14');
INSERT INTO `auth_resource` VALUES (442, 47, '/api/sys/menu/tree/query', '查询菜单树', 1, 0, '2021-06-03 15:23:45', '2021-06-30 18:25:14');
INSERT INTO `auth_resource` VALUES (443, 47, '/api/sys/menu/role/save', '保存角色菜单', 1, 0, '2021-06-03 15:23:56', '2021-06-30 18:25:14');
INSERT INTO `auth_resource` VALUES (444, 47, '/api/sys/menu/role/query', '查询角色菜单', 1, 0, '2021-06-03 15:24:08', '2021-06-30 18:25:14');
INSERT INTO `auth_resource` VALUES (445, 47, '/api/sys/menu/role/detail/query', '查询角色菜单详情', 1, 0, '2021-06-03 15:24:18', '2021-06-30 18:25:14');
INSERT INTO `auth_resource` VALUES (446, 2, '/api/user/ui/info/get', '查询用户前端界面信息(菜单&UI鉴权)', 1, 0, '2021-06-07 09:35:52', '2021-08-04 18:07:27');
INSERT INTO `auth_resource` VALUES (447, 2, '/api/user/details/get', '查询用户详情', 1, 0, '2021-06-09 11:12:46', '2021-06-30 18:25:14');
INSERT INTO `auth_resource` VALUES (448, 2, '/api/user/credential/save', '保存用户凭据', 1, 0, '2021-06-09 16:06:22', '2021-06-30 18:25:14');
INSERT INTO `auth_resource` VALUES (453, 48, '/api/sys/doc/preview', '查阅文档', 1, 0, '2021-06-16 13:34:34', '2021-06-30 18:25:14');
INSERT INTO `auth_resource` VALUES (454, 2, '/api/user/group/page/query', '分页查询用户组列表', 1, 0, '2021-06-16 16:03:20', '2021-06-30 18:25:14');
INSERT INTO `auth_resource` VALUES (455, 2, '/api/user/business/permission/query', '分页查询用户授权业务对象列表', 1, 0, '2021-06-16 17:10:01', '2021-06-30 18:25:14');
INSERT INTO `auth_resource` VALUES (456, 40, '/api/datasource/instance/asset/page/query', '分页查询数据源资产列表', 1, 0, '2021-06-18 17:57:30', '2021-06-30 18:25:14');
INSERT INTO `auth_resource` VALUES (458, 40, '/api/datasource/instance/asset/pull', '拉取数据源资产信息', 1, 0, '2021-06-21 13:27:23', '2021-06-30 18:25:14');
INSERT INTO `auth_resource` VALUES (459, 40, '/api/datasource/instance/asset/del', '删除指定的资产', 1, 0, '2021-06-22 13:05:46', '2021-06-30 18:25:14');
INSERT INTO `auth_resource` VALUES (460, 40, '/api/datasource/instance/asset/set/config', '设置数据源配置文件', 1, 0, '2021-06-29 17:20:08', '2021-06-30 18:25:14');
INSERT INTO `auth_resource` VALUES (462, 2, '/api/user/server/remote/query', '查询用户授权的远程服务器', 1, 0, '2021-07-09 16:09:38', '2021-07-09 16:09:38');
INSERT INTO `auth_resource` VALUES (463, 50, '/api/application/kubernetes/page/query', '分页查询容器应用列表', 1, 0, '2021-07-13 17:01:06', '2021-07-13 17:01:06');
INSERT INTO `auth_resource` VALUES (464, 50, '/api/application/page/query', '分页查询应用列表', 1, 0, '2021-07-15 15:49:33', '2021-07-15 15:49:33');
INSERT INTO `auth_resource` VALUES (465, 50, '/api/application/get', '查询应用', 1, 0, '2021-07-16 15:17:04', '2021-08-19 14:51:26');
INSERT INTO `auth_resource` VALUES (466, 50, '/api/application/add', '新增应用', 1, 0, '2021-07-16 15:17:13', '2021-07-16 15:17:13');
INSERT INTO `auth_resource` VALUES (467, 50, '/api/application/update', '更新应用', 1, 0, '2021-07-16 15:17:22', '2021-07-16 15:17:22');
INSERT INTO `auth_resource` VALUES (468, 50, '/api/application/del', '删除应用', 1, 0, '2021-07-16 15:17:28', '2021-07-16 15:17:28');
INSERT INTO `auth_resource` VALUES (469, 50, '/api/application/res/bind', '应用资源绑定', 1, 0, '2021-07-16 15:17:55', '2021-07-16 15:17:55');
INSERT INTO `auth_resource` VALUES (470, 50, '/api/application/res/unbind', '应用资源解除绑定', 1, 0, '2021-07-16 15:18:10', '2021-07-16 15:18:10');
INSERT INTO `auth_resource` VALUES (472, 50, '/api/application/business/options/get', '查询应用业务类型选项', 1, 0, '2021-07-19 15:33:59', '2021-07-19 15:33:59');
INSERT INTO `auth_resource` VALUES (473, 52, '/api/terminal/session/page/query', '分页查询终端会话列表', 1, 0, '2021-07-22 17:30:36', '2021-07-22 17:30:36');
INSERT INTO `auth_resource` VALUES (474, 53, '/', '首页', 0, 0, '2021-07-27 16:48:46', '2021-07-27 16:48:46');
INSERT INTO `auth_resource` VALUES (475, 40, '/api/datasource/instance/asset/business/scan', '扫描资产与业务对象关系', 1, 0, '2021-08-02 17:10:29', '2021-08-02 17:15:54');
INSERT INTO `auth_resource` VALUES (476, 52, '/api/terminal/session/instance/command/page/query', '分页查询终端会话命令列表', 1, 0, '2021-08-03 10:17:11', '2021-08-03 10:17:11');
INSERT INTO `auth_resource` VALUES (477, 2, '/api/user/access/token/grant', '授权用户AccessToken', 1, 0, '2021-08-05 14:23:29', '2021-08-05 14:23:29');
INSERT INTO `auth_resource` VALUES (478, 2, '/api/user/access/token/revoke', '撤销用户AccessToken', 1, 0, '2021-08-05 14:23:42', '2021-08-05 14:23:42');
INSERT INTO `auth_resource` VALUES (479, 2, '/api/user/group/add', '新增用户组', 1, 0, '2021-08-06 17:16:54', '2021-08-06 17:16:54');
INSERT INTO `auth_resource` VALUES (481, 2, '/api/user/group/update', '更新用户组', 1, 0, '2021-08-06 17:17:17', '2021-08-06 17:17:17');
INSERT INTO `auth_resource` VALUES (482, 2, '/api/user/group/del', '删除用户组', 1, 0, '2021-08-09 11:07:42', '2021-08-09 11:07:42');
INSERT INTO `auth_resource` VALUES (483, 2, '/api/user/permission/business/query', '分页查询业务对象授权的用户列表', 1, 0, '2021-08-10 18:07:01', '2021-08-10 18:07:01');
INSERT INTO `auth_resource` VALUES (484, 54, '/api/business/property/add', '新增业务对象属性配置', 1, 0, '2021-08-20 14:55:47', '2021-08-20 14:55:47');
INSERT INTO `auth_resource` VALUES (485, 54, '/api/business/property/update', '更新业务对象属性配置', 1, 0, '2021-08-20 14:55:59', '2021-08-20 14:55:59');
INSERT INTO `auth_resource` VALUES (486, 43, '/api/server/group/del', '删除服务器组配置', 1, 0, '2021-08-25 10:16:08', '2021-08-25 10:16:08');
INSERT INTO `auth_resource` VALUES (487, 40, '/api/datasource/instance/asset/subscription/page/query', '分页查询数据源资产订阅列表', 1, 0, '2021-08-27 16:53:21', '2021-08-27 16:53:21');
INSERT INTO `auth_resource` VALUES (488, 40, '/api/datasource/instance/asset/subscription/add', '新增数据源资产订阅', 1, 0, '2021-08-30 16:21:02', '2021-08-30 16:21:02');
INSERT INTO `auth_resource` VALUES (489, 40, '/api/datasource/instance/asset/subscription/update', '更新数据源资产订阅', 1, 0, '2021-08-30 16:21:17', '2021-08-30 16:21:17');
INSERT INTO `auth_resource` VALUES (490, 40, '/api/datasource/instance/asset/subscription/del', '删除指定的数据源资产订阅', 1, 0, '2021-08-30 16:21:36', '2021-08-30 16:21:36');
INSERT INTO `auth_resource` VALUES (491, 40, '/api/datasource/instance/asset/subscription/publish', '发布数据源资产订阅', 1, 0, '2021-08-31 15:38:50', '2021-08-31 15:38:50');
INSERT INTO `auth_resource` VALUES (492, 55, '/api/task/ansible/playbook/page/query', '分页查询剧本列表', 1, 0, '2021-09-01 14:16:47', '2021-09-01 14:16:47');
INSERT INTO `auth_resource` VALUES (493, 55, '/api/task/ansible/playbook/add', '新增剧本配置', 1, 0, '2021-09-01 18:20:17', '2021-09-01 18:20:17');
INSERT INTO `auth_resource` VALUES (494, 55, '/api/task/ansible/playbook/update', '更新剧本配置', 1, 0, '2021-09-01 18:20:32', '2021-09-01 18:20:32');
INSERT INTO `auth_resource` VALUES (495, 55, '/api/task/ansible/playbook/del', '删除剧本配置', 1, 0, '2021-09-01 18:20:46', '2021-09-01 18:20:46');
INSERT INTO `auth_resource` VALUES (496, 41, '/api/instance/registered/page/query', '分页查询注册实例列表', 1, 0, '2021-09-06 11:23:45', '2021-09-06 11:23:45');
INSERT INTO `auth_resource` VALUES (497, 41, '/api/instance/registered/active/set', '设置注册实例的有效/无效', 1, 0, '2021-09-06 15:28:03', '2021-09-06 15:28:41');
INSERT INTO `auth_resource` VALUES (499, 41, '/api/instance/health/lb-check', '负载均衡健康检查接口', 0, 0, '2021-09-06 16:17:32', '2021-09-06 16:20:36');
INSERT INTO `auth_resource` VALUES (500, 50, '/api/application/res/preview/page/query', '预览应用资源', 1, 0, '2021-09-09 09:48:40', '2021-09-09 09:48:40');
INSERT INTO `auth_resource` VALUES (501, 2, '/api/user/sync', '同步用户与用户关系（数据源实例）', 1, 0, '2021-09-16 10:45:44', '2021-09-16 10:45:44');
INSERT INTO `auth_resource` VALUES (502, 56, '/api/datasource/aliyun/log/page/query', '分页查询阿里云日志服务列表', 1, 0, '2021-09-17 15:05:33', '2021-09-17 15:05:33');
INSERT INTO `auth_resource` VALUES (503, 56, '/api/datasource/aliyun/log/del', '删除阿里云日志服务', 1, 0, '2021-09-17 15:09:06', '2021-09-17 15:09:23');
INSERT INTO `auth_resource` VALUES (504, 56, '/api/datasource/aliyun/log/project/query', '查询阿里云日志服务项目列表', 1, 0, '2021-09-17 15:34:03', '2021-09-17 15:34:03');
INSERT INTO `auth_resource` VALUES (505, 56, '/api/datasource/aliyun/log/logstore/query', '查询阿里云日志服务日志库列表', 1, 0, '2021-09-17 15:34:20', '2021-09-17 15:34:20');
INSERT INTO `auth_resource` VALUES (506, 56, '/api/datasource/aliyun/log/config/query', '查询阿里云日志服务配置列表', 1, 0, '2021-09-17 15:34:34', '2021-09-17 15:34:34');
INSERT INTO `auth_resource` VALUES (507, 56, '/api/datasource/aliyun/log/add', '新增阿里云日志服务', 1, 0, '2021-09-17 15:52:49', '2021-09-17 15:52:49');
INSERT INTO `auth_resource` VALUES (508, 56, '/api/datasource/aliyun/log/update', '更新阿里云日志服务', 1, 0, '2021-09-17 15:53:05', '2021-09-17 15:53:05');
INSERT INTO `auth_resource` VALUES (509, 56, '/api/datasource/aliyun/log/member/page/query', '分页查询阿里云日志服务成员列表', 1, 0, '2021-09-17 16:57:57', '2021-09-17 16:57:57');
INSERT INTO `auth_resource` VALUES (510, 56, '/api/datasource/aliyun/log/member/add', '新增阿里云日志服务成员', 1, 0, '2021-09-17 16:58:10', '2021-09-17 16:58:10');
INSERT INTO `auth_resource` VALUES (511, 56, '/api/datasource/aliyun/log/member/update', '更新阿里云日志服务成员', 1, 0, '2021-09-17 16:58:22', '2021-09-17 16:58:22');
INSERT INTO `auth_resource` VALUES (512, 56, '/api/datasource/aliyun/log/member/del', '删除指定的阿里云日志服务成员', 1, 0, '2021-09-17 16:58:36', '2021-09-17 16:58:36');
INSERT INTO `auth_resource` VALUES (513, 56, '/api/datasource/aliyun/log/push', '推送阿里云日志服务配置', 1, 0, '2021-09-17 17:38:31', '2021-09-17 17:38:31');
INSERT INTO `auth_resource` VALUES (514, 56, '/api/datasource/aliyun/log/member/push', '推送阿里云日志服务成员配置', 1, 0, '2021-09-17 17:38:44', '2021-09-17 17:38:44');
INSERT INTO `auth_resource` VALUES (515, 57, '/api/server/task/submit', '提交服务器任务', 1, 0, '2021-09-18 17:06:48', '2021-09-18 17:06:48');
INSERT INTO `auth_resource` VALUES (516, 57, '/api/server/task/page/query', '分页查询服务器任务列表', 1, 0, '2021-09-24 14:50:12', '2021-09-24 14:51:26');
COMMIT;

-- ----------------------------
-- Table structure for auth_role
-- ----------------------------
DROP TABLE IF EXISTS `auth_role`;
CREATE TABLE `auth_role` (
  `id` int unsigned NOT NULL AUTO_INCREMENT,
  `role_name` varchar(128) CHARACTER SET utf8mb4 COLLATE utf8mb4_0900_ai_ci NOT NULL DEFAULT '' COMMENT '角色名称',
  `access_level` int NOT NULL DEFAULT '0' COMMENT '访问级别',
  `comment` varchar(256) CHARACTER SET utf8mb4 COLLATE utf8mb4_0900_ai_ci DEFAULT NULL COMMENT '角色描述',
  `allow_workorder` tinyint(1) NOT NULL DEFAULT '0' COMMENT '允许工作流申请',
  `create_time` timestamp NOT NULL DEFAULT CURRENT_TIMESTAMP,
  `update_time` timestamp NOT NULL DEFAULT CURRENT_TIMESTAMP ON UPDATE CURRENT_TIMESTAMP,
  PRIMARY KEY (`id`) USING BTREE,
  UNIQUE KEY `role_name` (`role_name`) USING BTREE
) ENGINE=InnoDB AUTO_INCREMENT=18 DEFAULT CHARSET=utf8mb4 COLLATE=utf8mb4_0900_ai_ci;

-- ----------------------------
-- Records of auth_role
-- ----------------------------
BEGIN;
INSERT INTO `auth_role` VALUES (1, 'super_admin', 100, '超级管理员[OC开发者]', 0, '2020-02-18 13:00:50', '2020-06-13 15:55:10');
INSERT INTO `auth_role` VALUES (2, 'admin', 90, '管理员', 0, '2020-02-14 17:05:06', '2020-04-11 02:10:37');
INSERT INTO `auth_role` VALUES (3, 'ops', 50, '运维', 0, '2020-02-14 17:05:16', '2020-04-11 02:10:40');
INSERT INTO `auth_role` VALUES (4, 'dev', 40, '研发', 1, '2020-02-14 17:05:25', '2020-04-11 02:10:43');
INSERT INTO `auth_role` VALUES (5, 'base', 10, '普通用户', 1, '2020-02-14 17:05:31', '2021-05-12 10:24:30');
COMMIT;

-- ----------------------------
-- Table structure for auth_role_menu
-- ----------------------------
DROP TABLE IF EXISTS `auth_role_menu`;
CREATE TABLE `auth_role_menu` (
  `id` int unsigned NOT NULL AUTO_INCREMENT,
  `role_id` int NOT NULL COMMENT '角色id',
  `menu_child_id` int NOT NULL COMMENT '子菜单id',
  `create_time` timestamp NOT NULL DEFAULT CURRENT_TIMESTAMP,
  `update_time` timestamp NOT NULL DEFAULT CURRENT_TIMESTAMP ON UPDATE CURRENT_TIMESTAMP,
  PRIMARY KEY (`id`) USING BTREE
) ENGINE=InnoDB AUTO_INCREMENT=347 DEFAULT CHARSET=utf8mb4 COLLATE=utf8mb4_0900_ai_ci;

-- ----------------------------
-- Records of auth_role_menu
-- ----------------------------
BEGIN;
INSERT INTO `auth_role_menu` VALUES (105, 2, 1, '2021-06-07 18:20:30', '2021-06-07 18:20:30');
INSERT INTO `auth_role_menu` VALUES (106, 2, 2, '2021-06-07 18:20:30', '2021-06-07 18:20:30');
INSERT INTO `auth_role_menu` VALUES (107, 2, 4, '2021-06-07 18:20:30', '2021-06-07 18:20:30');
INSERT INTO `auth_role_menu` VALUES (108, 2, 6, '2021-06-07 18:20:30', '2021-06-07 18:20:30');
INSERT INTO `auth_role_menu` VALUES (109, 2, 7, '2021-06-07 18:20:30', '2021-06-07 18:20:30');
INSERT INTO `auth_role_menu` VALUES (110, 2, 8, '2021-06-07 18:20:30', '2021-06-07 18:20:30');
INSERT INTO `auth_role_menu` VALUES (111, 2, 9, '2021-06-07 18:20:30', '2021-06-07 18:20:30');
INSERT INTO `auth_role_menu` VALUES (112, 2, 10, '2021-06-07 18:20:30', '2021-06-07 18:20:30');
INSERT INTO `auth_role_menu` VALUES (113, 2, 11, '2021-06-07 18:20:30', '2021-06-07 18:20:30');
INSERT INTO `auth_role_menu` VALUES (132, 5, 15, '2021-06-09 10:37:12', '2021-06-09 10:37:12');
INSERT INTO `auth_role_menu` VALUES (220, 4, 16, '2021-07-20 10:55:05', '2021-07-20 10:55:05');
INSERT INTO `auth_role_menu` VALUES (221, 4, 6, '2021-07-20 10:55:05', '2021-07-20 10:55:05');
INSERT INTO `auth_role_menu` VALUES (222, 4, 19, '2021-07-20 10:55:05', '2021-07-20 10:55:05');
INSERT INTO `auth_role_menu` VALUES (223, 4, 7, '2021-07-20 10:55:05', '2021-07-20 10:55:05');
INSERT INTO `auth_role_menu` VALUES (224, 4, 8, '2021-07-20 10:55:05', '2021-07-20 10:55:05');
INSERT INTO `auth_role_menu` VALUES (225, 4, 9, '2021-07-20 10:55:05', '2021-07-20 10:55:05');
INSERT INTO `auth_role_menu` VALUES (226, 4, 10, '2021-07-20 10:55:05', '2021-07-20 10:55:05');
INSERT INTO `auth_role_menu` VALUES (227, 4, 15, '2021-07-20 10:55:05', '2021-07-20 10:55:05');
INSERT INTO `auth_role_menu` VALUES (325, 1, 1, '2021-09-06 11:13:43', '2021-09-06 11:13:43');
INSERT INTO `auth_role_menu` VALUES (326, 1, 2, '2021-09-06 11:13:43', '2021-09-06 11:13:43');
INSERT INTO `auth_role_menu` VALUES (327, 1, 3, '2021-09-06 11:13:43', '2021-09-06 11:13:43');
INSERT INTO `auth_role_menu` VALUES (328, 1, 4, '2021-09-06 11:13:43', '2021-09-06 11:13:43');
INSERT INTO `auth_role_menu` VALUES (329, 1, 21, '2021-09-06 11:13:43', '2021-09-06 11:13:43');
INSERT INTO `auth_role_menu` VALUES (330, 1, 24, '2021-09-06 11:13:43', '2021-09-06 11:13:43');
INSERT INTO `auth_role_menu` VALUES (331, 1, 16, '2021-09-06 11:13:43', '2021-09-06 11:13:43');
INSERT INTO `auth_role_menu` VALUES (332, 1, 6, '2021-09-06 11:13:43', '2021-09-06 11:13:43');
INSERT INTO `auth_role_menu` VALUES (333, 1, 17, '2021-09-06 11:13:43', '2021-09-06 11:13:43');
INSERT INTO `auth_role_menu` VALUES (334, 1, 19, '2021-09-06 11:13:43', '2021-09-06 11:13:43');
INSERT INTO `auth_role_menu` VALUES (335, 1, 20, '2021-09-06 11:13:43', '2021-09-06 11:13:43');
INSERT INTO `auth_role_menu` VALUES (336, 1, 7, '2021-09-06 11:13:43', '2021-09-06 11:13:43');
INSERT INTO `auth_role_menu` VALUES (337, 1, 8, '2021-09-06 11:13:43', '2021-09-06 11:13:43');
INSERT INTO `auth_role_menu` VALUES (338, 1, 9, '2021-09-06 11:13:43', '2021-09-06 11:13:43');
INSERT INTO `auth_role_menu` VALUES (339, 1, 23, '2021-09-06 11:13:43', '2021-09-06 11:13:43');
INSERT INTO `auth_role_menu` VALUES (340, 1, 10, '2021-09-06 11:13:43', '2021-09-06 11:13:43');
INSERT INTO `auth_role_menu` VALUES (341, 1, 11, '2021-09-06 11:13:43', '2021-09-06 11:13:43');
INSERT INTO `auth_role_menu` VALUES (342, 1, 22, '2021-09-06 11:13:43', '2021-09-06 11:13:43');
INSERT INTO `auth_role_menu` VALUES (343, 1, 12, '2021-09-06 11:13:43', '2021-09-06 11:13:43');
INSERT INTO `auth_role_menu` VALUES (344, 1, 14, '2021-09-06 11:13:43', '2021-09-06 11:13:43');
INSERT INTO `auth_role_menu` VALUES (345, 1, 13, '2021-09-06 11:13:43', '2021-09-06 11:13:43');
INSERT INTO `auth_role_menu` VALUES (346, 1, 15, '2021-09-06 11:13:43', '2021-09-06 11:13:43');
COMMIT;

-- ----------------------------
-- Table structure for auth_role_resource
-- ----------------------------
DROP TABLE IF EXISTS `auth_role_resource`;
CREATE TABLE `auth_role_resource` (
  `id` int unsigned NOT NULL AUTO_INCREMENT,
  `role_id` int NOT NULL COMMENT '角色id',
  `resource_id` int NOT NULL COMMENT '资源id',
  `create_time` timestamp NOT NULL DEFAULT CURRENT_TIMESTAMP,
  `update_time` timestamp NOT NULL DEFAULT CURRENT_TIMESTAMP ON UPDATE CURRENT_TIMESTAMP,
  PRIMARY KEY (`id`) USING BTREE,
  UNIQUE KEY `role_id` (`role_id`,`resource_id`) USING BTREE
) ENGINE=InnoDB AUTO_INCREMENT=171 DEFAULT CHARSET=utf8mb4 COLLATE=utf8mb4_0900_ai_ci;

-- ----------------------------
-- Records of auth_role_resource
-- ----------------------------
BEGIN;
INSERT INTO `auth_role_resource` VALUES (2, 1, 2, '2021-05-15 14:14:59', '2021-05-15 14:14:59');
INSERT INTO `auth_role_resource` VALUES (3, 1, 10, '2021-05-15 14:14:59', '2021-05-15 14:14:59');
INSERT INTO `auth_role_resource` VALUES (4, 1, 6, '2021-05-15 14:17:03', '2021-05-15 14:17:03');
INSERT INTO `auth_role_resource` VALUES (5, 1, 32, '2021-05-15 14:17:13', '2021-05-15 14:17:13');
INSERT INTO `auth_role_resource` VALUES (6, 1, 15, '2021-05-15 15:44:35', '2021-05-15 15:44:35');
INSERT INTO `auth_role_resource` VALUES (7, 1, 7, '2021-05-15 15:45:34', '2021-05-15 15:45:34');
INSERT INTO `auth_role_resource` VALUES (8, 1, 389, '2021-05-15 15:45:37', '2021-05-15 15:45:37');
INSERT INTO `auth_role_resource` VALUES (9, 1, 4, '2021-05-17 11:10:50', '2021-05-17 11:10:50');
INSERT INTO `auth_role_resource` VALUES (10, 1, 391, '2021-05-17 13:50:07', '2021-05-17 13:50:07');
INSERT INTO `auth_role_resource` VALUES (11, 1, 392, '2021-05-17 17:27:21', '2021-05-17 17:27:21');
INSERT INTO `auth_role_resource` VALUES (12, 1, 393, '2021-05-17 17:45:39', '2021-05-17 17:45:39');
INSERT INTO `auth_role_resource` VALUES (13, 1, 395, '2021-05-18 11:08:40', '2021-05-18 11:08:40');
INSERT INTO `auth_role_resource` VALUES (14, 1, 396, '2021-05-19 15:50:02', '2021-05-19 15:50:02');
INSERT INTO `auth_role_resource` VALUES (15, 1, 399, '2021-05-19 16:03:10', '2021-05-19 16:03:10');
INSERT INTO `auth_role_resource` VALUES (16, 1, 397, '2021-05-19 16:30:22', '2021-05-19 16:30:22');
INSERT INTO `auth_role_resource` VALUES (17, 1, 400, '2021-05-19 18:18:32', '2021-05-19 18:18:32');
INSERT INTO `auth_role_resource` VALUES (18, 1, 401, '2021-05-20 09:32:42', '2021-05-20 09:32:42');
INSERT INTO `auth_role_resource` VALUES (19, 1, 402, '2021-05-20 13:27:47', '2021-05-20 13:27:47');
INSERT INTO `auth_role_resource` VALUES (20, 1, 404, '2021-05-20 13:32:47', '2021-05-20 13:32:47');
INSERT INTO `auth_role_resource` VALUES (21, 1, 405, '2021-05-21 10:43:14', '2021-05-21 10:43:14');
INSERT INTO `auth_role_resource` VALUES (22, 1, 390, '2021-05-21 10:48:02', '2021-05-21 10:48:02');
INSERT INTO `auth_role_resource` VALUES (23, 1, 394, '2021-05-21 11:23:12', '2021-05-21 11:23:12');
INSERT INTO `auth_role_resource` VALUES (24, 1, 406, '2021-05-24 11:20:31', '2021-05-24 11:20:31');
INSERT INTO `auth_role_resource` VALUES (25, 1, 408, '2021-05-24 12:45:36', '2021-05-24 12:45:36');
INSERT INTO `auth_role_resource` VALUES (26, 1, 410, '2021-05-24 14:32:18', '2021-05-24 14:32:18');
INSERT INTO `auth_role_resource` VALUES (27, 1, 411, '2021-05-24 15:02:27', '2021-05-24 15:02:27');
INSERT INTO `auth_role_resource` VALUES (28, 1, 412, '2021-05-24 15:42:03', '2021-05-24 15:42:03');
INSERT INTO `auth_role_resource` VALUES (29, 1, 413, '2021-05-25 13:14:49', '2021-05-25 13:14:49');
INSERT INTO `auth_role_resource` VALUES (30, 1, 414, '2021-05-25 13:45:38', '2021-05-25 13:45:38');
INSERT INTO `auth_role_resource` VALUES (31, 1, 415, '2021-05-25 14:31:50', '2021-05-25 14:31:50');
INSERT INTO `auth_role_resource` VALUES (32, 1, 416, '2021-05-25 14:43:37', '2021-05-25 14:43:37');
INSERT INTO `auth_role_resource` VALUES (33, 1, 417, '2021-05-25 17:23:59', '2021-05-25 17:23:59');
INSERT INTO `auth_role_resource` VALUES (34, 1, 419, '2021-05-25 17:40:55', '2021-05-25 17:40:55');
INSERT INTO `auth_role_resource` VALUES (35, 1, 421, '2021-05-25 18:02:16', '2021-05-25 18:02:16');
INSERT INTO `auth_role_resource` VALUES (36, 1, 407, '2021-05-26 09:56:26', '2021-05-26 09:56:26');
INSERT INTO `auth_role_resource` VALUES (37, 1, 422, '2021-05-26 10:02:43', '2021-05-26 10:02:43');
INSERT INTO `auth_role_resource` VALUES (38, 1, 423, '2021-05-26 10:47:50', '2021-05-26 10:47:50');
INSERT INTO `auth_role_resource` VALUES (39, 1, 424, '2021-05-26 11:28:45', '2021-05-26 11:28:45');
INSERT INTO `auth_role_resource` VALUES (40, 1, 425, '2021-05-26 15:00:22', '2021-05-26 15:00:22');
INSERT INTO `auth_role_resource` VALUES (41, 1, 17, '2021-05-27 09:28:02', '2021-05-27 09:28:02');
INSERT INTO `auth_role_resource` VALUES (42, 1, 427, '2021-05-27 11:22:12', '2021-05-27 11:22:12');
INSERT INTO `auth_role_resource` VALUES (44, 1, 430, '2021-05-27 14:54:03', '2021-05-27 14:54:03');
INSERT INTO `auth_role_resource` VALUES (45, 1, 8, '2021-05-27 14:56:41', '2021-05-27 14:56:41');
INSERT INTO `auth_role_resource` VALUES (46, 1, 431, '2021-05-27 15:45:18', '2021-05-27 15:45:18');
INSERT INTO `auth_role_resource` VALUES (48, 1, 27, '2021-05-27 17:23:14', '2021-05-27 17:23:14');
INSERT INTO `auth_role_resource` VALUES (49, 1, 433, '2021-05-27 17:36:53', '2021-05-27 17:36:53');
INSERT INTO `auth_role_resource` VALUES (50, 1, 434, '2021-05-28 15:37:12', '2021-05-28 15:37:12');
INSERT INTO `auth_role_resource` VALUES (51, 1, 435, '2021-06-01 17:43:37', '2021-06-01 17:43:37');
INSERT INTO `auth_role_resource` VALUES (52, 1, 440, '2021-06-02 14:27:55', '2021-06-02 14:27:55');
INSERT INTO `auth_role_resource` VALUES (53, 1, 436, '2021-06-02 14:29:02', '2021-06-02 14:29:02');
INSERT INTO `auth_role_resource` VALUES (54, 1, 441, '2021-06-02 14:31:31', '2021-06-02 14:31:31');
INSERT INTO `auth_role_resource` VALUES (55, 1, 437, '2021-06-02 14:37:00', '2021-06-02 14:37:00');
INSERT INTO `auth_role_resource` VALUES (56, 1, 438, '2021-06-02 15:50:14', '2021-06-02 15:50:14');
INSERT INTO `auth_role_resource` VALUES (57, 1, 442, '2021-06-03 15:24:23', '2021-06-03 15:24:23');
INSERT INTO `auth_role_resource` VALUES (58, 1, 444, '2021-06-03 15:24:25', '2021-06-03 15:24:25');
INSERT INTO `auth_role_resource` VALUES (59, 1, 445, '2021-06-03 15:24:25', '2021-06-03 15:24:25');
INSERT INTO `auth_role_resource` VALUES (60, 1, 443, '2021-06-03 15:26:37', '2021-06-03 15:26:37');
INSERT INTO `auth_role_resource` VALUES (61, 1, 446, '2021-06-07 09:36:06', '2021-06-07 09:36:06');
INSERT INTO `auth_role_resource` VALUES (62, 1, 398, '2021-06-07 18:00:20', '2021-06-07 18:00:20');
INSERT INTO `auth_role_resource` VALUES (63, 1, 447, '2021-06-09 11:12:49', '2021-06-09 11:12:49');
INSERT INTO `auth_role_resource` VALUES (64, 1, 448, '2021-06-09 16:06:44', '2021-06-09 16:06:44');
INSERT INTO `auth_role_resource` VALUES (69, 1, 453, '2021-06-16 13:47:35', '2021-06-16 13:47:35');
INSERT INTO `auth_role_resource` VALUES (70, 1, 454, '2021-06-16 16:06:48', '2021-06-16 16:06:48');
INSERT INTO `auth_role_resource` VALUES (71, 1, 9, '2021-06-16 17:09:22', '2021-06-16 17:09:22');
INSERT INTO `auth_role_resource` VALUES (72, 1, 455, '2021-06-16 17:14:29', '2021-06-16 17:14:29');
INSERT INTO `auth_role_resource` VALUES (73, 1, 456, '2021-06-18 17:57:37', '2021-06-18 17:57:37');
INSERT INTO `auth_role_resource` VALUES (74, 1, 16, '2021-06-19 18:45:07', '2021-06-19 18:45:07');
INSERT INTO `auth_role_resource` VALUES (75, 1, 458, '2021-06-21 16:04:46', '2021-06-21 16:04:46');
INSERT INTO `auth_role_resource` VALUES (76, 1, 459, '2021-06-22 13:06:04', '2021-06-22 13:06:04');
INSERT INTO `auth_role_resource` VALUES (77, 1, 460, '2021-06-29 17:20:14', '2021-06-29 17:20:14');
INSERT INTO `auth_role_resource` VALUES (78, 1, 29, '2021-07-06 11:07:04', '2021-07-06 11:07:04');
INSERT INTO `auth_role_resource` VALUES (79, 4, 2, '2021-07-06 11:07:04', '2021-07-06 11:07:04');
INSERT INTO `auth_role_resource` VALUES (80, 4, 6, '2021-07-06 11:07:08', '2021-07-06 11:07:08');
INSERT INTO `auth_role_resource` VALUES (81, 4, 10, '2021-07-06 11:07:10', '2021-07-06 11:07:10');
INSERT INTO `auth_role_resource` VALUES (82, 4, 27, '2021-07-06 11:07:13', '2021-07-06 11:07:13');
INSERT INTO `auth_role_resource` VALUES (83, 4, 31, '2021-07-06 11:07:17', '2021-07-06 11:07:17');
INSERT INTO `auth_role_resource` VALUES (84, 4, 165, '2021-07-06 11:07:19', '2021-07-06 11:07:19');
INSERT INTO `auth_role_resource` VALUES (85, 4, 189, '2021-07-06 11:07:20', '2021-07-06 11:07:20');
INSERT INTO `auth_role_resource` VALUES (86, 4, 454, '2021-07-06 11:07:26', '2021-07-06 11:07:26');
INSERT INTO `auth_role_resource` VALUES (87, 4, 455, '2021-07-06 11:07:27', '2021-07-06 11:07:27');
INSERT INTO `auth_role_resource` VALUES (88, 4, 389, '2021-07-06 11:07:29', '2021-07-06 11:07:29');
INSERT INTO `auth_role_resource` VALUES (89, 4, 401, '2021-07-06 11:07:32', '2021-07-06 11:07:32');
INSERT INTO `auth_role_resource` VALUES (90, 4, 405, '2021-07-06 11:07:33', '2021-07-06 11:07:33');
INSERT INTO `auth_role_resource` VALUES (91, 4, 456, '2021-07-06 11:07:34', '2021-07-06 11:07:34');
INSERT INTO `auth_role_resource` VALUES (92, 4, 392, '2021-07-06 11:07:39', '2021-07-06 11:07:39');
INSERT INTO `auth_role_resource` VALUES (93, 4, 393, '2021-07-06 11:07:40', '2021-07-06 11:07:40');
INSERT INTO `auth_role_resource` VALUES (94, 4, 396, '2021-07-06 11:07:45', '2021-07-06 11:07:45');
INSERT INTO `auth_role_resource` VALUES (95, 4, 399, '2021-07-06 11:07:46', '2021-07-06 11:07:46');
INSERT INTO `auth_role_resource` VALUES (96, 4, 402, '2021-07-06 11:07:47', '2021-07-06 11:07:47');
INSERT INTO `auth_role_resource` VALUES (97, 4, 406, '2021-07-06 11:07:51', '2021-07-06 11:07:51');
INSERT INTO `auth_role_resource` VALUES (98, 4, 410, '2021-07-06 11:07:52', '2021-07-06 11:07:52');
INSERT INTO `auth_role_resource` VALUES (99, 4, 414, '2021-07-06 11:07:57', '2021-07-06 11:07:57');
INSERT INTO `auth_role_resource` VALUES (100, 4, 421, '2021-07-06 11:07:58', '2021-07-06 11:07:58');
INSERT INTO `auth_role_resource` VALUES (101, 4, 413, '2021-07-06 11:08:01', '2021-07-06 11:08:01');
INSERT INTO `auth_role_resource` VALUES (102, 4, 417, '2021-07-06 11:08:06', '2021-07-06 11:08:06');
INSERT INTO `auth_role_resource` VALUES (103, 4, 440, '2021-07-06 11:08:11', '2021-07-06 11:08:11');
INSERT INTO `auth_role_resource` VALUES (104, 4, 441, '2021-07-06 11:08:11', '2021-07-06 11:08:11');
INSERT INTO `auth_role_resource` VALUES (105, 4, 442, '2021-07-06 11:08:12', '2021-07-06 11:08:12');
INSERT INTO `auth_role_resource` VALUES (106, 4, 444, '2021-07-06 11:08:14', '2021-07-06 11:08:14');
INSERT INTO `auth_role_resource` VALUES (107, 4, 445, '2021-07-06 11:08:15', '2021-07-06 11:08:15');
INSERT INTO `auth_role_resource` VALUES (108, 4, 453, '2021-07-06 11:08:21', '2021-07-06 11:08:21');
INSERT INTO `auth_role_resource` VALUES (109, 4, 446, '2021-07-06 11:09:21', '2021-07-06 11:09:21');
INSERT INTO `auth_role_resource` VALUES (110, 4, 32, '2021-07-06 11:09:24', '2021-07-06 11:09:24');
INSERT INTO `auth_role_resource` VALUES (111, 4, 434, '2021-07-06 11:09:28', '2021-07-06 11:09:28');
INSERT INTO `auth_role_resource` VALUES (112, 4, 447, '2021-07-06 11:09:29', '2021-07-06 11:09:29');
INSERT INTO `auth_role_resource` VALUES (113, 1, 439, '2021-07-09 14:51:27', '2021-07-09 14:51:27');
INSERT INTO `auth_role_resource` VALUES (114, 1, 462, '2021-07-09 16:11:33', '2021-07-09 16:11:33');
INSERT INTO `auth_role_resource` VALUES (115, 1, 463, '2021-07-13 17:02:45', '2021-07-13 17:02:45');
INSERT INTO `auth_role_resource` VALUES (116, 1, 464, '2021-07-15 15:49:37', '2021-07-15 15:49:37');
INSERT INTO `auth_role_resource` VALUES (117, 1, 465, '2021-07-16 15:22:33', '2021-07-16 15:22:33');
INSERT INTO `auth_role_resource` VALUES (119, 1, 467, '2021-07-16 15:28:46', '2021-07-16 15:28:46');
INSERT INTO `auth_role_resource` VALUES (120, 1, 466, '2021-07-16 15:34:50', '2021-07-16 15:34:50');
INSERT INTO `auth_role_resource` VALUES (121, 1, 470, '2021-07-16 16:02:38', '2021-07-16 16:02:38');
INSERT INTO `auth_role_resource` VALUES (123, 1, 469, '2021-07-19 14:12:44', '2021-07-19 14:12:44');
INSERT INTO `auth_role_resource` VALUES (124, 1, 472, '2021-07-19 15:34:06', '2021-07-19 15:34:06');
INSERT INTO `auth_role_resource` VALUES (125, 4, 463, '2021-07-20 10:56:18', '2021-07-20 10:56:18');
INSERT INTO `auth_role_resource` VALUES (126, 4, 464, '2021-07-20 10:56:19', '2021-07-20 10:56:19');
INSERT INTO `auth_role_resource` VALUES (127, 4, 465, '2021-07-20 10:56:19', '2021-07-20 10:56:19');
INSERT INTO `auth_role_resource` VALUES (128, 4, 472, '2021-07-20 10:56:23', '2021-07-20 10:56:23');
INSERT INTO `auth_role_resource` VALUES (129, 1, 473, '2021-07-22 17:54:03', '2021-07-22 17:54:03');
INSERT INTO `auth_role_resource` VALUES (130, 1, 475, '2021-08-02 17:16:04', '2021-08-02 17:16:04');
INSERT INTO `auth_role_resource` VALUES (131, 1, 476, '2021-08-03 10:25:49', '2021-08-03 10:25:49');
INSERT INTO `auth_role_resource` VALUES (132, 1, 426, '2021-08-03 16:42:40', '2021-08-03 16:42:40');
INSERT INTO `auth_role_resource` VALUES (133, 1, 477, '2021-08-05 14:23:52', '2021-08-05 14:23:52');
INSERT INTO `auth_role_resource` VALUES (134, 1, 478, '2021-08-05 14:44:46', '2021-08-05 14:44:46');
INSERT INTO `auth_role_resource` VALUES (135, 1, 479, '2021-08-09 09:28:24', '2021-08-09 09:28:24');
INSERT INTO `auth_role_resource` VALUES (136, 1, 482, '2021-08-09 11:08:05', '2021-08-09 11:08:05');
INSERT INTO `auth_role_resource` VALUES (137, 1, 483, '2021-08-10 18:16:58', '2021-08-10 18:16:58');
INSERT INTO `auth_role_resource` VALUES (138, 1, 468, '2021-08-16 10:12:04', '2021-08-16 10:12:04');
INSERT INTO `auth_role_resource` VALUES (139, 1, 484, '2021-08-20 14:58:25', '2021-08-20 14:58:25');
INSERT INTO `auth_role_resource` VALUES (140, 1, 485, '2021-08-20 15:18:15', '2021-08-20 15:18:15');
INSERT INTO `auth_role_resource` VALUES (141, 1, 486, '2021-08-25 10:16:50', '2021-08-25 10:16:50');
INSERT INTO `auth_role_resource` VALUES (142, 1, 487, '2021-08-27 17:16:10', '2021-08-27 17:16:10');
INSERT INTO `auth_role_resource` VALUES (143, 1, 489, '2021-08-30 16:22:19', '2021-08-30 16:22:19');
INSERT INTO `auth_role_resource` VALUES (144, 1, 488, '2021-08-30 17:36:00', '2021-08-30 17:36:00');
INSERT INTO `auth_role_resource` VALUES (145, 1, 490, '2021-08-30 17:39:33', '2021-08-30 17:39:33');
INSERT INTO `auth_role_resource` VALUES (146, 1, 491, '2021-08-31 15:38:56', '2021-08-31 15:38:56');
INSERT INTO `auth_role_resource` VALUES (147, 1, 492, '2021-09-01 14:16:51', '2021-09-01 14:16:51');
INSERT INTO `auth_role_resource` VALUES (148, 1, 494, '2021-09-02 11:49:46', '2021-09-02 11:49:46');
INSERT INTO `auth_role_resource` VALUES (149, 1, 496, '2021-09-06 11:24:14', '2021-09-06 11:24:14');
INSERT INTO `auth_role_resource` VALUES (150, 1, 497, '2021-09-06 15:37:57', '2021-09-06 15:37:57');
INSERT INTO `auth_role_resource` VALUES (151, 1, 500, '2021-09-09 10:03:49', '2021-09-09 10:03:49');
INSERT INTO `auth_role_resource` VALUES (152, 1, 481, '2021-09-15 14:48:28', '2021-09-15 14:48:28');
INSERT INTO `auth_role_resource` VALUES (153, 1, 501, '2021-09-16 10:49:20', '2021-09-16 10:49:20');
INSERT INTO `auth_role_resource` VALUES (154, 1, 502, '2021-09-17 15:16:51', '2021-09-17 15:16:51');
INSERT INTO `auth_role_resource` VALUES (155, 1, 504, '2021-09-17 15:46:44', '2021-09-17 15:46:44');
INSERT INTO `auth_role_resource` VALUES (156, 1, 505, '2021-09-17 15:46:51', '2021-09-17 15:46:51');
INSERT INTO `auth_role_resource` VALUES (157, 1, 506, '2021-09-17 15:46:53', '2021-09-17 15:46:53');
INSERT INTO `auth_role_resource` VALUES (158, 1, 507, '2021-09-17 15:53:08', '2021-09-17 15:53:08');
INSERT INTO `auth_role_resource` VALUES (159, 1, 503, '2021-09-17 16:20:04', '2021-09-17 16:20:04');
INSERT INTO `auth_role_resource` VALUES (160, 1, 509, '2021-09-17 17:08:20', '2021-09-17 17:08:20');
INSERT INTO `auth_role_resource` VALUES (161, 1, 510, '2021-09-17 17:22:42', '2021-09-17 17:22:42');
INSERT INTO `auth_role_resource` VALUES (162, 1, 512, '2021-09-17 17:28:48', '2021-09-17 17:28:48');
INSERT INTO `auth_role_resource` VALUES (163, 1, 511, '2021-09-17 17:42:54', '2021-09-17 17:42:54');
INSERT INTO `auth_role_resource` VALUES (164, 1, 513, '2021-09-17 17:45:33', '2021-09-17 17:45:33');
INSERT INTO `auth_role_resource` VALUES (165, 1, 515, '2021-09-18 17:07:05', '2021-09-18 17:07:05');
INSERT INTO `auth_role_resource` VALUES (166, 1, 508, '2021-09-22 10:28:40', '2021-09-22 10:28:40');
INSERT INTO `auth_role_resource` VALUES (167, 1, 493, '2021-09-23 15:28:24', '2021-09-23 15:28:24');
INSERT INTO `auth_role_resource` VALUES (168, 1, 516, '2021-09-24 14:52:23', '2021-09-24 14:52:23');
INSERT INTO `auth_role_resource` VALUES (169, 1, 495, '2021-09-28 10:07:49', '2021-09-28 10:07:49');
COMMIT;

-- ----------------------------
-- Table structure for auth_user_role
-- ----------------------------
DROP TABLE IF EXISTS `auth_user_role`;
CREATE TABLE `auth_user_role` (
  `id` int unsigned NOT NULL AUTO_INCREMENT,
  `username` varchar(128) CHARACTER SET utf8mb4 COLLATE utf8mb4_0900_ai_ci NOT NULL DEFAULT '' COMMENT '用户登录名',
  `role_id` int NOT NULL COMMENT '角色id',
  `create_time` timestamp NOT NULL DEFAULT CURRENT_TIMESTAMP,
  `update_time` timestamp NOT NULL DEFAULT CURRENT_TIMESTAMP ON UPDATE CURRENT_TIMESTAMP,
  PRIMARY KEY (`id`) USING BTREE,
  UNIQUE KEY `username_role_unique` (`username`,`role_id`) USING BTREE
) ENGINE=InnoDB AUTO_INCREMENT=154 DEFAULT CHARSET=utf8mb4 COLLATE=utf8mb4_0900_ai_ci ROW_FORMAT=DYNAMIC;

-- ----------------------------
-- Records of auth_user_role
-- ----------------------------
BEGIN;
COMMIT;

-- ----------------------------
-- Table structure for business_asset_relation
-- ----------------------------
DROP TABLE IF EXISTS `business_asset_relation`;
CREATE TABLE `business_asset_relation` (
  `id` int unsigned NOT NULL AUTO_INCREMENT,
  `business_type` int NOT NULL COMMENT '业务类型',
  `business_id` int NOT NULL COMMENT '业务id',
  `datasource_instance_asset_id` int NOT NULL COMMENT '资产id',
  `asset_type` varchar(64) CHARACTER SET utf8mb4 COLLATE utf8mb4_0900_ai_ci NOT NULL DEFAULT '' COMMENT '资产类型',
  `create_time` timestamp NOT NULL DEFAULT CURRENT_TIMESTAMP,
  `update_time` timestamp NOT NULL DEFAULT CURRENT_TIMESTAMP ON UPDATE CURRENT_TIMESTAMP,
  PRIMARY KEY (`id`) USING BTREE,
  UNIQUE KEY `business_type` (`business_type`,`business_id`,`datasource_instance_asset_id`) USING BTREE
) ENGINE=InnoDB AUTO_INCREMENT=1745 DEFAULT CHARSET=utf8mb4 COLLATE=utf8mb4_0900_ai_ci ROW_FORMAT=DYNAMIC COMMENT='业务对象与资产的绑定关系';

-- ----------------------------
-- Records of business_asset_relation
-- ----------------------------
BEGIN;
COMMIT;

-- ----------------------------
-- Table structure for business_property
-- ----------------------------
DROP TABLE IF EXISTS `business_property`;
CREATE TABLE `business_property` (
  `id` int unsigned NOT NULL AUTO_INCREMENT,
  `business_type` int NOT NULL COMMENT '业务类型',
  `business_id` int NOT NULL COMMENT '业务id',
  `property` text CHARACTER SET utf8mb4 COLLATE utf8mb4_0900_ai_ci NOT NULL COMMENT '属性',
  `comment` varchar(128) CHARACTER SET utf8mb4 COLLATE utf8mb4_0900_ai_ci DEFAULT NULL COMMENT '说明',
  `create_time` timestamp NOT NULL DEFAULT CURRENT_TIMESTAMP,
  `update_time` timestamp NOT NULL DEFAULT CURRENT_TIMESTAMP ON UPDATE CURRENT_TIMESTAMP,
  PRIMARY KEY (`id`) USING BTREE
) ENGINE=InnoDB AUTO_INCREMENT=7 DEFAULT CHARSET=utf8mb4 COLLATE=utf8mb4_0900_ai_ci ROW_FORMAT=DYNAMIC;

-- ----------------------------
-- Records of business_property
-- ----------------------------
BEGIN;
COMMIT;

-- ----------------------------
-- Table structure for business_tag
-- ----------------------------
DROP TABLE IF EXISTS `business_tag`;
CREATE TABLE `business_tag` (
  `id` int unsigned NOT NULL AUTO_INCREMENT,
  `business_id` int NOT NULL COMMENT '业务id',
  `tag_id` int NOT NULL COMMENT '标签id',
  `business_type` int DEFAULT NULL COMMENT '业务类型',
  `tag_value` varchar(128) CHARACTER SET utf8mb4 COLLATE utf8mb4_0900_ai_ci DEFAULT NULL,
  `create_time` timestamp NOT NULL DEFAULT CURRENT_TIMESTAMP,
  `update_time` timestamp NOT NULL DEFAULT CURRENT_TIMESTAMP ON UPDATE CURRENT_TIMESTAMP,
  PRIMARY KEY (`id`) USING BTREE,
  UNIQUE KEY `business_id` (`business_id`,`tag_id`,`business_type`) USING BTREE
) ENGINE=InnoDB AUTO_INCREMENT=33 DEFAULT CHARSET=utf8mb4 COLLATE=utf8mb4_0900_ai_ci ROW_FORMAT=DYNAMIC COMMENT='服务器标签关联表';

-- ----------------------------
-- Records of business_tag
-- ----------------------------
BEGIN;
COMMIT;

-- ----------------------------
-- Table structure for datasource_account
-- ----------------------------
DROP TABLE IF EXISTS `datasource_account`;
CREATE TABLE `datasource_account` (
  `id` int unsigned NOT NULL AUTO_INCREMENT,
  `account_uid` varchar(128) CHARACTER SET utf8mb4 COLLATE utf8mb4_0900_ai_ci NOT NULL DEFAULT '' COMMENT '多实例主账户id',
  `account_id` varchar(32) CHARACTER SET utf8mb4 COLLATE utf8mb4_0900_ai_ci NOT NULL DEFAULT '' COMMENT 'id',
  `account_type` int NOT NULL COMMENT '账户类型',
  `user_id` int DEFAULT NULL COMMENT '绑定的用户',
  `username` varchar(128) CHARACTER SET utf8mb4 COLLATE utf8mb4_0900_ai_ci NOT NULL DEFAULT '' COMMENT '用户名',
  `password` varchar(256) CHARACTER SET utf8mb4 COLLATE utf8mb4_0900_ai_ci DEFAULT NULL,
  `name` varchar(128) CHARACTER SET utf8mb4 COLLATE utf8mb4_0900_ai_ci DEFAULT '' COMMENT '姓名',
  `display_name` varchar(128) CHARACTER SET utf8mb4 COLLATE utf8mb4_0900_ai_ci NOT NULL DEFAULT '' COMMENT '显示名称',
  `email` varchar(128) CHARACTER SET utf8mb4 COLLATE utf8mb4_0900_ai_ci DEFAULT '' COMMENT '邮箱',
  `is_active` tinyint(1) NOT NULL DEFAULT '1',
  `last_login` int DEFAULT NULL,
  `phone` varchar(20) CHARACTER SET utf8mb4 COLLATE utf8mb4_0900_ai_ci DEFAULT '' COMMENT '手机',
  `comment` text CHARACTER SET utf8mb4 COLLATE utf8mb4_0900_ai_ci,
  `create_time` timestamp NOT NULL DEFAULT CURRENT_TIMESTAMP COMMENT '创建时间',
  `update_time` timestamp NOT NULL DEFAULT CURRENT_TIMESTAMP ON UPDATE CURRENT_TIMESTAMP COMMENT '更新时间',
  PRIMARY KEY (`id`) USING BTREE,
  UNIQUE KEY `account_uid` (`account_uid`,`account_id`) USING BTREE
) ENGINE=InnoDB AUTO_INCREMENT=837 DEFAULT CHARSET=utf8mb4 COLLATE=utf8mb4_0900_ai_ci ROW_FORMAT=DYNAMIC COMMENT='数据源账户';

-- ----------------------------
-- Records of datasource_account
-- ----------------------------
BEGIN;
COMMIT;

-- ----------------------------
-- Table structure for datasource_account_group
-- ----------------------------
DROP TABLE IF EXISTS `datasource_account_group`;
CREATE TABLE `datasource_account_group` (
  `id` int unsigned NOT NULL AUTO_INCREMENT,
  `account_uid` varchar(128) CHARACTER SET utf8mb4 COLLATE utf8mb4_0900_ai_ci NOT NULL DEFAULT '' COMMENT '多实例主账户id',
  `account_id` varchar(32) CHARACTER SET utf8mb4 COLLATE utf8mb4_0900_ai_ci NOT NULL DEFAULT '' COMMENT 'id',
  `account_type` int NOT NULL COMMENT '账户类型',
  `name` varchar(128) CHARACTER SET utf8mb4 COLLATE utf8mb4_0900_ai_ci DEFAULT '' COMMENT '组名',
  `display_name` varchar(128) CHARACTER SET utf8mb4 COLLATE utf8mb4_0900_ai_ci NOT NULL DEFAULT '' COMMENT '显示名称',
  `is_active` tinyint(1) NOT NULL DEFAULT '1',
  `comment` text CHARACTER SET utf8mb4 COLLATE utf8mb4_0900_ai_ci,
  `create_time` timestamp NOT NULL DEFAULT CURRENT_TIMESTAMP COMMENT '创建时间',
  `update_time` timestamp NOT NULL DEFAULT CURRENT_TIMESTAMP ON UPDATE CURRENT_TIMESTAMP COMMENT '更新时间',
  PRIMARY KEY (`id`) USING BTREE,
  UNIQUE KEY `account_uid` (`account_uid`,`account_id`) USING BTREE
) ENGINE=InnoDB AUTO_INCREMENT=105 DEFAULT CHARSET=utf8mb4 COLLATE=utf8mb4_0900_ai_ci ROW_FORMAT=DYNAMIC COMMENT='数据源账户组';

-- ----------------------------
-- Records of datasource_account_group
-- ----------------------------
BEGIN;
COMMIT;

-- ----------------------------
-- Table structure for datasource_account_relation
-- ----------------------------
DROP TABLE IF EXISTS `datasource_account_relation`;
CREATE TABLE `datasource_account_relation` (
  `id` int unsigned NOT NULL AUTO_INCREMENT,
  `account_uid` varchar(128) CHARACTER SET utf8mb4 COLLATE utf8mb4_0900_ai_ci NOT NULL DEFAULT '' COMMENT '多实例主账户id',
  `datasource_account_id` int NOT NULL COMMENT '账户id',
  `target_id` int DEFAULT NULL COMMENT '建立关系的目标id',
  `relation_type` int NOT NULL COMMENT '关系类型',
  `create_time` timestamp NOT NULL DEFAULT CURRENT_TIMESTAMP COMMENT '创建时间',
  `update_time` timestamp NOT NULL DEFAULT CURRENT_TIMESTAMP ON UPDATE CURRENT_TIMESTAMP COMMENT '更新时间',
  PRIMARY KEY (`id`) USING BTREE,
  UNIQUE KEY `account_uid` (`account_uid`,`relation_type`,`datasource_account_id`,`target_id`) USING BTREE
) ENGINE=InnoDB AUTO_INCREMENT=998 DEFAULT CHARSET=utf8mb4 COLLATE=utf8mb4_0900_ai_ci ROW_FORMAT=DYNAMIC COMMENT='数据源账户组';

-- ----------------------------
-- Records of datasource_account_relation
-- ----------------------------
BEGIN;
COMMIT;

-- ----------------------------
-- Table structure for datasource_config
-- ----------------------------
DROP TABLE IF EXISTS `datasource_config`;
CREATE TABLE `datasource_config` (
  `id` int unsigned NOT NULL AUTO_INCREMENT,
  `name` varchar(128) CHARACTER SET utf8mb4 COLLATE utf8mb4_0900_ai_ci NOT NULL DEFAULT '' COMMENT '数据源名称',
  `uuid` varchar(32) CHARACTER SET utf8mb4 COLLATE utf8mb4_0900_ai_ci DEFAULT NULL COMMENT 'UUID',
  `ds_type` int NOT NULL COMMENT '数据源类型',
  `version` varchar(128) CHARACTER SET utf8mb4 COLLATE utf8mb4_0900_ai_ci DEFAULT NULL,
  `kind` varchar(128) CHARACTER SET utf8mb4 COLLATE utf8mb4_0900_ai_ci DEFAULT '' COMMENT '分类',
  `is_active` tinyint(1) NOT NULL DEFAULT '1' COMMENT '有效',
  `credential_id` int DEFAULT NULL COMMENT '凭据id',
  `ds_url` varchar(1024) CHARACTER SET utf8mb4 COLLATE utf8mb4_0900_ai_ci DEFAULT NULL COMMENT '数据源地址',
  `props_yml` text CHARACTER SET utf8mb4 COLLATE utf8mb4_0900_ai_ci COMMENT '属性(yaml)',
  `comment` text CHARACTER SET utf8mb4 COLLATE utf8mb4_0900_ai_ci,
  `create_time` timestamp NOT NULL DEFAULT CURRENT_TIMESTAMP COMMENT '创建时间',
  `update_time` timestamp NOT NULL DEFAULT CURRENT_TIMESTAMP ON UPDATE CURRENT_TIMESTAMP COMMENT '更新时间',
  PRIMARY KEY (`id`) USING BTREE,
  UNIQUE KEY `username` (`name`) USING BTREE
) ENGINE=InnoDB AUTO_INCREMENT=13 DEFAULT CHARSET=utf8mb4 COLLATE=utf8mb4_0900_ai_ci ROW_FORMAT=DYNAMIC COMMENT='数据源配置';

-- ----------------------------
-- Records of datasource_config
-- ----------------------------
BEGIN;
COMMIT;

-- ----------------------------
-- Table structure for datasource_instance
-- ----------------------------
DROP TABLE IF EXISTS `datasource_instance`;
CREATE TABLE `datasource_instance` (
  `id` int unsigned NOT NULL AUTO_INCREMENT,
  `parent_id` int NOT NULL DEFAULT '0' COMMENT '数据源关联id',
  `instance_name` varchar(128) CHARACTER SET utf8mb4 COLLATE utf8mb4_0900_ai_ci NOT NULL DEFAULT '' COMMENT '数据源名称',
  `uuid` varchar(32) CHARACTER SET utf8mb4 COLLATE utf8mb4_0900_ai_ci DEFAULT NULL COMMENT 'UUID',
  `instance_type` varchar(64) CHARACTER SET utf8mb4 COLLATE utf8mb4_0900_ai_ci NOT NULL DEFAULT '' COMMENT '实例类型',
  `kind` varchar(128) CHARACTER SET utf8mb4 COLLATE utf8mb4_0900_ai_ci DEFAULT '' COMMENT '实例分类',
  `version` varchar(128) CHARACTER SET utf8mb4 COLLATE utf8mb4_0900_ai_ci DEFAULT NULL COMMENT '实例版本',
  `is_active` tinyint(1) NOT NULL DEFAULT '1' COMMENT '有效',
  `config_id` int DEFAULT NULL COMMENT '数据源配置id',
  `comment` text CHARACTER SET utf8mb4 COLLATE utf8mb4_0900_ai_ci,
  `create_time` timestamp NOT NULL DEFAULT CURRENT_TIMESTAMP COMMENT '创建时间',
  `update_time` timestamp NOT NULL DEFAULT CURRENT_TIMESTAMP ON UPDATE CURRENT_TIMESTAMP COMMENT '更新时间',
  PRIMARY KEY (`id`) USING BTREE,
  UNIQUE KEY `username` (`instance_name`) USING BTREE
) ENGINE=InnoDB AUTO_INCREMENT=13 DEFAULT CHARSET=utf8mb4 COLLATE=utf8mb4_0900_ai_ci ROW_FORMAT=DYNAMIC COMMENT='数据源实例';

-- ----------------------------
-- Records of datasource_instance
-- ----------------------------
BEGIN;
COMMIT;

-- ----------------------------
-- Table structure for datasource_instance_asset
-- ----------------------------
DROP TABLE IF EXISTS `datasource_instance_asset`;
CREATE TABLE `datasource_instance_asset` (
  `id` int unsigned NOT NULL AUTO_INCREMENT,
  `parent_id` int NOT NULL DEFAULT '0' COMMENT '资产父关系',
  `instance_uuid` varchar(128) CHARACTER SET utf8mb4 COLLATE utf8mb4_0900_ai_ci NOT NULL DEFAULT '' COMMENT '数据源实例uuid',
  `name` varchar(128) CHARACTER SET utf8mb4 COLLATE utf8mb4_0900_ai_ci DEFAULT NULL COMMENT '资产名称',
  `asset_id` varchar(256) CHARACTER SET utf8mb4 COLLATE utf8mb4_0900_ai_ci NOT NULL DEFAULT '' COMMENT '资产id',
  `asset_type` varchar(64) CHARACTER SET utf8mb4 COLLATE utf8mb4_0900_ai_ci NOT NULL DEFAULT '' COMMENT '资产类型',
  `kind` varchar(128) CHARACTER SET utf8mb4 COLLATE utf8mb4_0900_ai_ci DEFAULT '' COMMENT '资产分类',
  `version` varchar(128) CHARACTER SET utf8mb4 COLLATE utf8mb4_0900_ai_ci DEFAULT NULL COMMENT '资产版本',
  `is_active` tinyint(1) NOT NULL DEFAULT '1' COMMENT '有效',
  `asset_key` varchar(128) CHARACTER SET utf8mb4 COLLATE utf8mb4_0900_ai_ci NOT NULL DEFAULT '' COMMENT '资产关键字1',
  `asset_key_2` varchar(4096) CHARACTER SET utf8mb4 COLLATE utf8mb4_0900_ai_ci DEFAULT NULL COMMENT '资产关键字2',
  `zone` varchar(128) CHARACTER SET utf8mb4 COLLATE utf8mb4_0900_ai_ci DEFAULT NULL COMMENT '区域',
  `region_id` varchar(128) CHARACTER SET utf8mb4 COLLATE utf8mb4_0900_ai_ci DEFAULT NULL COMMENT '地区id',
  `asset_status` varchar(64) CHARACTER SET utf8mb4 COLLATE utf8mb4_0900_ai_ci DEFAULT NULL COMMENT '资产状态',
  `description` longtext CHARACTER SET utf8mb4 COLLATE utf8mb4_0900_ai_ci,
  `created_time` timestamp NULL DEFAULT NULL COMMENT '资产创建时间',
  `expired_time` timestamp NULL DEFAULT NULL COMMENT '资产过期时间',
  `create_time` timestamp NOT NULL DEFAULT CURRENT_TIMESTAMP COMMENT '创建时间',
  `update_time` timestamp NOT NULL DEFAULT CURRENT_TIMESTAMP ON UPDATE CURRENT_TIMESTAMP COMMENT '更新时间',
  PRIMARY KEY (`id`) USING BTREE,
  UNIQUE KEY `asset_id` (`asset_id`,`asset_type`,`instance_uuid`,`asset_key`) USING BTREE
) ENGINE=InnoDB AUTO_INCREMENT=7345 DEFAULT CHARSET=utf8mb4 COLLATE=utf8mb4_0900_ai_ci ROW_FORMAT=DYNAMIC COMMENT='数据源实例资产';

-- ----------------------------
-- Records of datasource_instance_asset
-- ----------------------------
BEGIN;
COMMIT;

-- ----------------------------
-- Table structure for datasource_instance_asset_property
-- ----------------------------
DROP TABLE IF EXISTS `datasource_instance_asset_property`;
CREATE TABLE `datasource_instance_asset_property` (
  `id` int unsigned NOT NULL AUTO_INCREMENT,
  `datasource_instance_asset_id` int NOT NULL DEFAULT '0' COMMENT '资产id',
  `name` varchar(128) CHARACTER SET utf8mb4 COLLATE utf8mb4_0900_ai_ci NOT NULL DEFAULT '' COMMENT '属性名称',
  `value` varchar(256) CHARACTER SET utf8mb4 COLLATE utf8mb4_0900_ai_ci NOT NULL DEFAULT '' COMMENT '属性值',
  `create_time` timestamp NOT NULL DEFAULT CURRENT_TIMESTAMP COMMENT '创建时间',
  `update_time` timestamp NOT NULL DEFAULT CURRENT_TIMESTAMP ON UPDATE CURRENT_TIMESTAMP COMMENT '更新时间',
  PRIMARY KEY (`id`) USING BTREE,
  UNIQUE KEY `datasource_instance_asset_id` (`datasource_instance_asset_id`,`name`,`value`) USING BTREE
) ENGINE=InnoDB AUTO_INCREMENT=13400 DEFAULT CHARSET=utf8mb4 COLLATE=utf8mb4_0900_ai_ci ROW_FORMAT=DYNAMIC COMMENT='资产属性';

-- ----------------------------
-- Records of datasource_instance_asset_property
-- ----------------------------
BEGIN;
COMMIT;

-- ----------------------------
-- Table structure for datasource_instance_asset_relation
-- ----------------------------
DROP TABLE IF EXISTS `datasource_instance_asset_relation`;
CREATE TABLE `datasource_instance_asset_relation` (
  `id` int unsigned NOT NULL AUTO_INCREMENT,
  `instance_uuid` varchar(128) CHARACTER SET utf8mb4 COLLATE utf8mb4_0900_ai_ci NOT NULL DEFAULT '' COMMENT '实例uuid',
  `source_asset_id` int NOT NULL COMMENT '源资产id',
  `target_asset_id` int NOT NULL COMMENT '目标资产id',
  `relation_type` varchar(64) CHARACTER SET utf8mb4 COLLATE utf8mb4_0900_ai_ci NOT NULL DEFAULT '' COMMENT '关系类型',
  `create_time` timestamp NOT NULL DEFAULT CURRENT_TIMESTAMP COMMENT '创建时间',
  `update_time` timestamp NOT NULL DEFAULT CURRENT_TIMESTAMP ON UPDATE CURRENT_TIMESTAMP COMMENT '更新时间',
  PRIMARY KEY (`id`) USING BTREE,
  UNIQUE KEY `instance_uuid` (`instance_uuid`,`source_asset_id`,`target_asset_id`,`relation_type`) USING BTREE
) ENGINE=InnoDB AUTO_INCREMENT=10793 DEFAULT CHARSET=utf8mb4 COLLATE=utf8mb4_0900_ai_ci ROW_FORMAT=DYNAMIC COMMENT='资产关系';

-- ----------------------------
-- Records of datasource_instance_asset_relation
-- ----------------------------
BEGIN;
COMMIT;

-- ----------------------------
-- Table structure for datasource_instance_asset_subscription
-- ----------------------------
DROP TABLE IF EXISTS `datasource_instance_asset_subscription`;
CREATE TABLE `datasource_instance_asset_subscription` (
  `id` int unsigned NOT NULL AUTO_INCREMENT,
  `instance_uuid` varchar(128) CHARACTER SET utf8mb4 COLLATE utf8mb4_0900_ai_ci NOT NULL DEFAULT '' COMMENT '数据源实例uuid',
  `datasource_instance_asset_id` int NOT NULL DEFAULT '0' COMMENT '资产id',
  `is_active` tinyint(1) NOT NULL DEFAULT '1' COMMENT '有效',
  `playbook` longtext CHARACTER SET utf8mb4 COLLATE utf8mb4_0900_ai_ci COMMENT '订阅剧本',
  `vars` text CHARACTER SET utf8mb4 COLLATE utf8mb4_0900_ai_ci COMMENT '外部变量',
  `last_subscription_time` timestamp NULL DEFAULT NULL COMMENT '最后订阅时间',
  `last_subscription_log` longtext CHARACTER SET utf8mb4 COLLATE utf8mb4_0900_ai_ci COMMENT '最后订阅日志',
  `comment` text CHARACTER SET utf8mb4 COLLATE utf8mb4_0900_ai_ci,
  `create_time` timestamp NOT NULL DEFAULT CURRENT_TIMESTAMP COMMENT '创建时间',
  `update_time` timestamp NOT NULL DEFAULT CURRENT_TIMESTAMP ON UPDATE CURRENT_TIMESTAMP COMMENT '更新时间',
  PRIMARY KEY (`id`) USING BTREE
) ENGINE=InnoDB AUTO_INCREMENT=4 DEFAULT CHARSET=utf8mb4 COLLATE=utf8mb4_0900_ai_ci ROW_FORMAT=DYNAMIC COMMENT='资产订阅';

-- ----------------------------
-- Records of datasource_instance_asset_subscription
-- ----------------------------
BEGIN;
COMMIT;

-- ----------------------------
-- Table structure for event
-- ----------------------------
DROP TABLE IF EXISTS `event`;
CREATE TABLE `event` (
  `id` int unsigned NOT NULL AUTO_INCREMENT,
  `instance_uuid` varchar(128) CHARACTER SET utf8mb4 COLLATE utf8mb4_0900_ai_ci NOT NULL DEFAULT '' COMMENT '数据源实例uuid',
  `event_id` varchar(128) CHARACTER SET utf8mb4 COLLATE utf8mb4_0900_ai_ci NOT NULL DEFAULT '' COMMENT '数据源事件id',
  `event_id_desc` varchar(256) CHARACTER SET utf8mb4 COLLATE utf8mb4_0900_ai_ci DEFAULT '' COMMENT '数据源事件id描述',
  `event_name` varchar(2048) CHARACTER SET utf8mb4 COLLATE utf8mb4_0900_ai_ci DEFAULT NULL COMMENT '事件名称',
  `event_message` text CHARACTER SET utf8mb4 COLLATE utf8mb4_0900_ai_ci COMMENT '数据源事件信息',
  `priority` int NOT NULL DEFAULT '0' COMMENT '严重性级别',
  `lastchange_time` timestamp NULL DEFAULT NULL COMMENT '最后更改其状态的时间',
  `is_active` tinyint(1) NOT NULL DEFAULT '1' COMMENT '有效事件',
  `expired_time` timestamp NULL DEFAULT NULL COMMENT '过期时间',
  `create_time` timestamp NOT NULL DEFAULT CURRENT_TIMESTAMP COMMENT '创建时间',
  `update_time` timestamp NOT NULL DEFAULT CURRENT_TIMESTAMP ON UPDATE CURRENT_TIMESTAMP COMMENT '更新时间',
  PRIMARY KEY (`id`) USING BTREE,
  UNIQUE KEY `instance_uuid` (`instance_uuid`,`event_id`) USING BTREE
) ENGINE=InnoDB AUTO_INCREMENT=260 DEFAULT CHARSET=utf8mb4 COLLATE=utf8mb4_0900_ai_ci ROW_FORMAT=DYNAMIC COMMENT='事件';

-- ----------------------------
-- Records of event
-- ----------------------------
BEGIN;
COMMIT;

-- ----------------------------
-- Table structure for event_business
-- ----------------------------
DROP TABLE IF EXISTS `event_business`;
CREATE TABLE `event_business` (
  `id` int unsigned NOT NULL AUTO_INCREMENT,
  `event_id` int NOT NULL COMMENT '事件id',
  `business_type` int NOT NULL COMMENT '业务类型',
  `business_id` int NOT NULL DEFAULT '0' COMMENT '业务id',
  `name` varchar(512) CHARACTER SET utf8mb4 COLLATE utf8mb4_0900_ai_ci DEFAULT '' COMMENT '名称',
  `create_time` timestamp NOT NULL DEFAULT CURRENT_TIMESTAMP COMMENT '创建时间',
  `update_time` timestamp NOT NULL DEFAULT CURRENT_TIMESTAMP ON UPDATE CURRENT_TIMESTAMP COMMENT '更新时间',
  PRIMARY KEY (`id`) USING BTREE,
  UNIQUE KEY `event_id` (`event_id`,`business_type`,`business_id`) USING BTREE,
  KEY `event_id_2` (`event_id`) USING BTREE
) ENGINE=InnoDB AUTO_INCREMENT=219 DEFAULT CHARSET=utf8mb4 COLLATE=utf8mb4_0900_ai_ci ROW_FORMAT=DYNAMIC COMMENT='事件业务对象关联';

-- ----------------------------
-- Records of event_business
-- ----------------------------
BEGIN;
COMMIT;

-- ----------------------------
-- Table structure for instance
-- ----------------------------
DROP TABLE IF EXISTS `instance`;
CREATE TABLE `instance` (
  `id` int unsigned NOT NULL AUTO_INCREMENT,
  `name` varchar(128) CHARACTER SET utf8mb4 COLLATE utf8mb4_0900_ai_ci NOT NULL COMMENT '实例名',
  `hostname` varchar(128) CHARACTER SET utf8mb4 COLLATE utf8mb4_0900_ai_ci DEFAULT NULL COMMENT '主机名',
  `host_ip` varchar(64) CHARACTER SET utf8mb4 COLLATE utf8mb4_0900_ai_ci NOT NULL COMMENT '主机ip',
  `status` int NOT NULL COMMENT '实例状态',
  `is_active` tinyint(1) NOT NULL COMMENT '有效',
  `license` text CHARACTER SET utf8mb4 COLLATE utf8mb4_0900_ai_ci,
  `comment` varchar(128) CHARACTER SET utf8mb4 COLLATE utf8mb4_0900_ai_ci DEFAULT NULL COMMENT '说明',
  `create_time` timestamp NOT NULL DEFAULT CURRENT_TIMESTAMP,
  `update_time` timestamp NULL DEFAULT NULL ON UPDATE CURRENT_TIMESTAMP,
  PRIMARY KEY (`id`) USING BTREE,
  UNIQUE KEY `name_UNIQUE` (`name`) USING BTREE,
  UNIQUE KEY `host_ip_UNIQUE` (`host_ip`) USING BTREE
) ENGINE=InnoDB AUTO_INCREMENT=6 DEFAULT CHARSET=utf8mb4 COLLATE=utf8mb4_0900_ai_ci ROW_FORMAT=DYNAMIC;

-- ----------------------------
-- Records of instance
-- ----------------------------
BEGIN;
COMMIT;

-- ----------------------------
-- Table structure for server
-- ----------------------------
DROP TABLE IF EXISTS `server`;
CREATE TABLE `server` (
  `id` int unsigned NOT NULL AUTO_INCREMENT,
  `name` varchar(128) CHARACTER SET utf8 COLLATE utf8_general_ci NOT NULL DEFAULT '' COMMENT '服务器名称',
  `server_group_id` int NOT NULL COMMENT '服务器组id',
  `os_type` varchar(64) CHARACTER SET utf8 COLLATE utf8_general_ci DEFAULT NULL COMMENT '系统类型',
  `env_type` int NOT NULL DEFAULT '0' COMMENT '环境类型',
  `public_ip` varchar(15) CHARACTER SET utf8 COLLATE utf8_general_ci DEFAULT NULL COMMENT '公网ip',
  `private_ip` varchar(15) CHARACTER SET utf8 COLLATE utf8_general_ci NOT NULL DEFAULT '' COMMENT '私网ip',
  `server_type` int DEFAULT NULL COMMENT '服务器类型',
  `area` varchar(128) CHARACTER SET utf8 COLLATE utf8_general_ci DEFAULT NULL COMMENT '地区',
  `serial_number` int NOT NULL DEFAULT '0' COMMENT '序号',
  `monitor_status` int NOT NULL DEFAULT '-1' COMMENT '监控状态',
  `comment` text CHARACTER SET utf8 COLLATE utf8_general_ci COMMENT '说明',
  `is_active` tinyint(1) NOT NULL DEFAULT '1' COMMENT '有效',
  `server_status` int NOT NULL DEFAULT '1' COMMENT '服务器状态',
  `create_time` timestamp NOT NULL DEFAULT CURRENT_TIMESTAMP,
  `update_time` timestamp NOT NULL DEFAULT CURRENT_TIMESTAMP ON UPDATE CURRENT_TIMESTAMP,
  PRIMARY KEY (`id`) USING BTREE,
  UNIQUE KEY `env_type` (`env_type`,`serial_number`,`server_group_id`) USING BTREE,
  KEY `name` (`name`) USING BTREE,
  KEY `private_ip` (`private_ip`) USING BTREE,
  KEY `server_group_id` (`server_group_id`) USING BTREE
) ENGINE=InnoDB AUTO_INCREMENT=1217 DEFAULT CHARSET=utf8mb4 COLLATE=utf8mb4_0900_ai_ci ROW_FORMAT=DYNAMIC;

-- ----------------------------
-- Records of server
-- ----------------------------
BEGIN;
COMMIT;

-- ----------------------------
-- Table structure for server_account
-- ----------------------------
DROP TABLE IF EXISTS `server_account`;
CREATE TABLE `server_account` (
  `id` int unsigned NOT NULL AUTO_INCREMENT,
  `username` varchar(128) CHARACTER SET utf8 COLLATE utf8_general_ci NOT NULL DEFAULT '' COMMENT '服务器名称',
  `credential_id` int NOT NULL COMMENT '凭据id',
  `account_type` int NOT NULL DEFAULT '0' COMMENT '0普通账户/1管理员',
  `protocol` varchar(32) CHARACTER SET utf8mb4 COLLATE utf8mb4_0900_ai_ci NOT NULL DEFAULT '' COMMENT '连接协议',
  `comment` text CHARACTER SET utf8 COLLATE utf8_general_ci COMMENT '说明',
  `is_active` tinyint(1) NOT NULL DEFAULT '1' COMMENT '有效',
  `create_time` timestamp NOT NULL DEFAULT CURRENT_TIMESTAMP,
  `update_time` timestamp NOT NULL DEFAULT CURRENT_TIMESTAMP ON UPDATE CURRENT_TIMESTAMP,
  PRIMARY KEY (`id`) USING BTREE,
  UNIQUE KEY `username` (`username`,`account_type`,`protocol`) USING BTREE
) ENGINE=InnoDB AUTO_INCREMENT=6 DEFAULT CHARSET=utf8mb4 COLLATE=utf8mb4_0900_ai_ci ROW_FORMAT=DYNAMIC COMMENT='服务器账户';

-- ----------------------------
-- Records of server_account
-- ----------------------------
BEGIN;
COMMIT;

-- ----------------------------
-- Table structure for server_account_permission
-- ----------------------------
DROP TABLE IF EXISTS `server_account_permission`;
CREATE TABLE `server_account_permission` (
  `id` int unsigned NOT NULL AUTO_INCREMENT,
  `server_id` int NOT NULL COMMENT '服务器id',
  `server_account_id` int NOT NULL COMMENT '账户id',
  `create_time` timestamp NOT NULL DEFAULT CURRENT_TIMESTAMP ON UPDATE CURRENT_TIMESTAMP,
  `update_time` timestamp NOT NULL DEFAULT CURRENT_TIMESTAMP,
  PRIMARY KEY (`id`) USING BTREE,
  UNIQUE KEY `server_id` (`server_id`,`server_account_id`) USING BTREE
) ENGINE=InnoDB AUTO_INCREMENT=1248 DEFAULT CHARSET=utf8mb4 COLLATE=utf8mb4_0900_ai_ci ROW_FORMAT=DYNAMIC COMMENT='服务器-账户 授权表';

-- ----------------------------
-- Records of server_account_permission
-- ----------------------------
BEGIN;
COMMIT;

-- ----------------------------
-- Table structure for server_group
-- ----------------------------
DROP TABLE IF EXISTS `server_group`;
CREATE TABLE `server_group` (
  `id` int unsigned NOT NULL AUTO_INCREMENT,
  `name` varchar(128) CHARACTER SET utf8mb4 COLLATE utf8mb4_0900_ai_ci NOT NULL DEFAULT '' COMMENT '服务器组名称',
  `server_group_type_id` int NOT NULL DEFAULT '0' COMMENT '服务器组类型',
  `allow_workorder` tinyint(1) NOT NULL DEFAULT '1' COMMENT '允许工单申请',
  `comment` longtext CHARACTER SET utf8mb4 COLLATE utf8mb4_0900_ai_ci,
  `create_time` timestamp NOT NULL DEFAULT CURRENT_TIMESTAMP,
  `update_time` timestamp NOT NULL DEFAULT CURRENT_TIMESTAMP ON UPDATE CURRENT_TIMESTAMP,
  PRIMARY KEY (`id`) USING BTREE,
  UNIQUE KEY `name` (`name`) USING BTREE,
  KEY `server_group_type_id` (`server_group_type_id`) USING BTREE
) ENGINE=InnoDB AUTO_INCREMENT=191 DEFAULT CHARSET=utf8mb4 COLLATE=utf8mb4_0900_ai_ci ROW_FORMAT=DYNAMIC;

-- ----------------------------
-- Records of server_group
-- ----------------------------
BEGIN;
COMMIT;

-- ----------------------------
-- Table structure for server_group_property
-- ----------------------------
DROP TABLE IF EXISTS `server_group_property`;
CREATE TABLE `server_group_property` (
  `id` int unsigned NOT NULL AUTO_INCREMENT,
  `server_group_id` int NOT NULL COMMENT '服务器组id',
  `env_type` int NOT NULL DEFAULT '0' COMMENT '环境type',
  `property_name` varchar(256) CHARACTER SET utf8mb4 COLLATE utf8mb4_0900_ai_ci NOT NULL DEFAULT '' COMMENT '属性名称',
  `property_value` varchar(2048) CHARACTER SET utf8mb4 COLLATE utf8mb4_0900_ai_ci NOT NULL DEFAULT '' COMMENT '属性值',
  `create_time` timestamp NOT NULL DEFAULT CURRENT_TIMESTAMP,
  `update_time` timestamp NOT NULL DEFAULT CURRENT_TIMESTAMP ON UPDATE CURRENT_TIMESTAMP,
  PRIMARY KEY (`id`) USING BTREE,
  UNIQUE KEY `server_group_id` (`server_group_id`,`env_type`,`property_name`) USING BTREE
) ENGINE=InnoDB DEFAULT CHARSET=utf8mb4 COLLATE=utf8mb4_0900_ai_ci ROW_FORMAT=DYNAMIC COMMENT='服务器组外部属性表';

-- ----------------------------
-- Records of server_group_property
-- ----------------------------
BEGIN;
COMMIT;

-- ----------------------------
-- Table structure for server_group_type
-- ----------------------------
DROP TABLE IF EXISTS `server_group_type`;
CREATE TABLE `server_group_type` (
  `id` int unsigned NOT NULL AUTO_INCREMENT,
  `name` varchar(128) CHARACTER SET utf8mb4 COLLATE utf8mb4_0900_ai_ci NOT NULL DEFAULT '',
  `color` varchar(8) CHARACTER SET utf8mb4 COLLATE utf8mb4_0900_ai_ci DEFAULT NULL,
  `comment` longtext CHARACTER SET utf8mb4 COLLATE utf8mb4_0900_ai_ci,
  `create_time` timestamp NOT NULL DEFAULT CURRENT_TIMESTAMP,
  `update_time` timestamp NOT NULL DEFAULT CURRENT_TIMESTAMP ON UPDATE CURRENT_TIMESTAMP,
  PRIMARY KEY (`id`) USING BTREE,
  UNIQUE KEY `name` (`name`) USING BTREE
) ENGINE=InnoDB AUTO_INCREMENT=25 DEFAULT CHARSET=utf8mb4 COLLATE=utf8mb4_0900_ai_ci ROW_FORMAT=DYNAMIC;

-- ----------------------------
-- Records of server_group_type
-- ----------------------------
BEGIN;
COMMIT;

-- ----------------------------
-- Table structure for server_task
-- ----------------------------
DROP TABLE IF EXISTS `server_task`;
CREATE TABLE `server_task` (
  `id` int unsigned NOT NULL AUTO_INCREMENT,
  `instance_uuid` varchar(128) CHARACTER SET utf8mb4 COLLATE utf8mb4_0900_ai_ci NOT NULL DEFAULT '' COMMENT '数据源实例uuid',
  `task_uuid` varchar(128) CHARACTER SET utf8mb4 COLLATE utf8mb4_0900_ai_ci NOT NULL DEFAULT '' COMMENT '任务uuid',
  `username` varchar(128) CHARACTER SET utf8mb4 COLLATE utf8mb4_0900_ai_ci NOT NULL DEFAULT '' COMMENT '用户名',
  `member_size` int NOT NULL DEFAULT '0' COMMENT '成员数量',
  `ansible_playbook_id` int DEFAULT NULL COMMENT '剧本id',
  `vars` text CHARACTER SET utf8mb4 COLLATE utf8mb4_0900_ai_ci,
  `tags` text CHARACTER SET utf8mb4 COLLATE utf8mb4_0900_ai_ci,
  `task_type` varchar(32) CHARACTER SET utf8mb4 COLLATE utf8mb4_0900_ai_ci DEFAULT '' COMMENT 'PLAYBOOK',
  `finalized` tinyint(1) NOT NULL DEFAULT '0' COMMENT '是否完成',
  `stop_type` int DEFAULT '0' COMMENT '终止任务',
  `task_status` varchar(64) CHARACTER SET utf8mb4 COLLATE utf8mb4_0900_ai_ci DEFAULT NULL COMMENT '任务状态',
  `start_time` timestamp NULL DEFAULT NULL COMMENT '任务开始时间',
  `end_time` timestamp NULL DEFAULT NULL COMMENT '任务结束时间',
  `create_time` timestamp NOT NULL DEFAULT CURRENT_TIMESTAMP,
  `update_time` timestamp NULL DEFAULT NULL ON UPDATE CURRENT_TIMESTAMP,
  PRIMARY KEY (`id`) USING BTREE,
  UNIQUE KEY `task_uuid` (`task_uuid`) USING BTREE
) ENGINE=InnoDB AUTO_INCREMENT=2 DEFAULT CHARSET=utf8mb4 COLLATE=utf8mb4_0900_ai_ci ROW_FORMAT=DYNAMIC COMMENT='服务器任务';

-- ----------------------------
-- Records of server_task
-- ----------------------------
BEGIN;
COMMIT;

-- ----------------------------
-- Table structure for server_task_member
-- ----------------------------
DROP TABLE IF EXISTS `server_task_member`;
CREATE TABLE `server_task_member` (
  `id` int unsigned NOT NULL AUTO_INCREMENT,
  `server_task_id` int NOT NULL COMMENT '任务id',
  `server_id` int DEFAULT NULL COMMENT '服务器id',
  `server_name` varchar(256) CHARACTER SET utf8mb4 COLLATE utf8mb4_0900_ai_ci NOT NULL DEFAULT '' COMMENT '服务器名称',
  `env_type` int NOT NULL DEFAULT '0' COMMENT '环境类型',
  `manage_ip` varchar(15) CHARACTER SET utf8mb4 COLLATE utf8mb4_0900_ai_ci NOT NULL DEFAULT '' COMMENT '管理ip',
  `task_status` varchar(128) CHARACTER SET utf8mb4 COLLATE utf8mb4_0900_ai_ci DEFAULT NULL COMMENT '任务状态',
  `finalized` tinyint(1) NOT NULL DEFAULT '0' COMMENT '是否完成',
  `stop_type` int DEFAULT '0' COMMENT '终止任务',
  `exit_value` int DEFAULT NULL COMMENT '退出值',
  `task_result` varchar(64) CHARACTER SET utf8mb4 COLLATE utf8mb4_0900_ai_ci DEFAULT '',
  `output_msg` text CHARACTER SET utf8mb4 COLLATE utf8mb4_0900_ai_ci,
  `error_msg` text CHARACTER SET utf8mb4 COLLATE utf8mb4_0900_ai_ci,
  `start_time` timestamp NULL DEFAULT NULL COMMENT '任务开始时间',
  `end_time` timestamp NULL DEFAULT NULL COMMENT '任务结束时间',
  `create_time` timestamp NOT NULL DEFAULT CURRENT_TIMESTAMP,
  `update_time` timestamp NULL DEFAULT NULL ON UPDATE CURRENT_TIMESTAMP,
  PRIMARY KEY (`id`) USING BTREE
) ENGINE=InnoDB AUTO_INCREMENT=4 DEFAULT CHARSET=utf8mb4 COLLATE=utf8mb4_0900_ai_ci ROW_FORMAT=DYNAMIC;

-- ----------------------------
-- Records of server_task_member
-- ----------------------------
BEGIN;
COMMIT;

-- ----------------------------
-- Table structure for shedlock
-- ----------------------------
DROP TABLE IF EXISTS `shedlock`;
CREATE TABLE `shedlock` (
  `name` varchar(64) CHARACTER SET utf8mb4 COLLATE utf8mb4_0900_ai_ci NOT NULL,
  `lock_until` timestamp(3) NOT NULL DEFAULT CURRENT_TIMESTAMP(3) ON UPDATE CURRENT_TIMESTAMP(3),
  `locked_at` timestamp(3) NOT NULL DEFAULT CURRENT_TIMESTAMP(3),
  `locked_by` varchar(255) CHARACTER SET utf8mb4 COLLATE utf8mb4_0900_ai_ci NOT NULL,
  PRIMARY KEY (`name`) USING BTREE
) ENGINE=InnoDB DEFAULT CHARSET=utf8mb4 COLLATE=utf8mb4_0900_ai_ci ROW_FORMAT=DYNAMIC;

-- ----------------------------
-- Records of shedlock
-- ----------------------------
BEGIN;
COMMIT;

-- ----------------------------
-- Table structure for sys_credential
-- ----------------------------
DROP TABLE IF EXISTS `sys_credential`;
CREATE TABLE `sys_credential` (
  `id` int unsigned NOT NULL AUTO_INCREMENT,
  `title` varchar(256) CHARACTER SET utf8mb4 COLLATE utf8mb4_0900_ai_ci DEFAULT NULL,
  `kind` int NOT NULL COMMENT '凭据分类',
  `username` varchar(128) CHARACTER SET utf8mb4 COLLATE utf8mb4_0900_ai_ci DEFAULT NULL COMMENT '用户名',
  `credential` text CHARACTER SET utf8mb4 COLLATE utf8mb4_0900_ai_ci COMMENT '凭据内容',
  `credential_2` text CHARACTER SET utf8mb4 COLLATE utf8mb4_0900_ai_ci COMMENT 'publicKey',
  `passphrase` text CHARACTER SET utf8mb4 COLLATE utf8mb4_0900_ai_ci COMMENT '密码短语',
  `fingerprint` varchar(128) CHARACTER SET utf8mb4 COLLATE utf8mb4_0900_ai_ci DEFAULT NULL COMMENT '指纹',
  `comment` text CHARACTER SET utf8mb4 COLLATE utf8mb4_0900_ai_ci,
  `update_time` timestamp NOT NULL DEFAULT CURRENT_TIMESTAMP ON UPDATE CURRENT_TIMESTAMP,
  `create_time` timestamp NOT NULL DEFAULT CURRENT_TIMESTAMP,
  PRIMARY KEY (`id`) USING BTREE
) ENGINE=InnoDB AUTO_INCREMENT=14 DEFAULT CHARSET=utf8mb4 COLLATE=utf8mb4_0900_ai_ci ROW_FORMAT=DYNAMIC COMMENT='系统凭据';

-- ----------------------------
-- Records of sys_credential
-- ----------------------------
BEGIN;
COMMIT;

-- ----------------------------
-- Table structure for sys_document
-- ----------------------------
DROP TABLE IF EXISTS `sys_document`;
CREATE TABLE `sys_document` (
  `id` int unsigned NOT NULL AUTO_INCREMENT,
  `document_key` varchar(128) CHARACTER SET utf8mb4 COLLATE utf8mb4_0900_ai_ci NOT NULL DEFAULT '',
  `content` longtext CHARACTER SET utf8mb4 COLLATE utf8mb4_0900_ai_ci NOT NULL COMMENT '文档内容',
  `document_type` int NOT NULL DEFAULT '1' COMMENT '文档类型',
  `comment` varchar(256) CHARACTER SET utf8mb4 COLLATE utf8mb4_0900_ai_ci DEFAULT NULL,
  `create_time` timestamp NOT NULL DEFAULT CURRENT_TIMESTAMP,
  `update_time` timestamp NOT NULL DEFAULT CURRENT_TIMESTAMP ON UPDATE CURRENT_TIMESTAMP,
  PRIMARY KEY (`id`) USING BTREE,
  UNIQUE KEY `doc_key` (`document_key`) USING BTREE
) ENGINE=InnoDB AUTO_INCREMENT=10 DEFAULT CHARSET=utf8mb4 COLLATE=utf8mb4_0900_ai_ci;

-- ----------------------------
-- Records of sys_document
-- ----------------------------
BEGIN;
INSERT INTO `sys_document` VALUES (1, 'JUMP_README', '# 公告板\n![](https://img.shields.io/badge/opscloud-jump-brightgreen.svg?style=plastic&logo=iCloud)\n\n##### 保存公钥\n\n- 在`个人详情-我的详情-SSH密钥`中添加公钥\n```\n# 查看公钥\ncat ~/.ssh/id_rsa.pub\n```\n\n##### 权限申请\n   \n- `工作台`-`工单`-`服务器组权限申请`\n\n\n##### 登录JUMP\n     \n- mac命令行中输入\n```\n# -C 压缩传输\n# -o StrictHostKeyChecking=no 公钥免检\nssh ${username}@${cocoHost}\n```\n- 在家访问请先连接VPN\n\n##### OC-Web-XTerm\n<video width=\"100%\" controls Autoplay=autoplay>\n<source src=\"https://opscloud-store.oss-cn-hangzhou.aliyuncs.com/help/opscloud/web-xterm/oc-web-xterm.mov\" type=\"video/mp4\" align=center>\n</video>', 0, NULL, '2020-05-12 17:26:57', '2021-06-16 11:31:08');
INSERT INTO `sys_document` VALUES (2, 'WORDPAD', '# 欢迎使用OC-Web终端\n![](https://img.shields.io/badge/opscloud-xterm-brightgreen.svg?style=plastic&logo=iCloud)\n\n<b style=\"color:red\">!!!此文档是用户私有文档，可随意编辑!!!</b>\n\n#### 常用命令\n\n##### 应用服务管理\n```bash\n# 切换到app用户\nxincheng$ sudo su - app\napp$ sh /opt/bin/appctl.sh start # 启动应用\napp$ sh /opt/bin/appctl.sh stop # 停止应用\napp$ sh /opt/bin/appctl.sh dump # dump java进程，完成后需重启\napp$ sh /opt/bin/appctl.sh forcestop # 强制停止应用\napp$ sh /opt/bin/appctl.sh # 查看进程状态\n```\n\n##### 高权限账户登录后切换到root\n```bash\n# 切换root\nmanage$ sudo su - # 或直接输入封装命令 s\n```\n\n##### Docket命令指南\n + <a style=\"color:#2b669a\" href=\"https://www.runoob.com/docker/docker-run-command.html\" target=\"_blank\"><b>传送门</b></a>', 0, NULL, '2020-05-13 15:04:04', '2021-06-16 11:31:09');
INSERT INTO `sys_document` VALUES (3, 'USER_GROUP_README', '#### 账户\n+ 已完成企业内部统一权限认证，所有平台账户互通', 0, NULL, '2020-05-18 13:37:31', '2021-06-16 11:31:10');
INSERT INTO `sys_document` VALUES (4, 'SERVER_GROUP_README', '#### 说明\n+ 授权的服务器组内所有服务器都可以通过`JUMP跳板机`登录\n  + 登录方式详见 <a style=\"color:#2b669a\" href=\"https://oc3.ops.yangege.cn/#/workbench/jump\" target=\"_blank\"><b>传送门</b></a>\n\n+ 授权的服务器组内所有服务都可以登录`Zabbix`监控平台查看数据\n  + `Zabbix`监控平台登录账户于本平台相同<a style=\"color:#2b669a\" href=\"http://zabbix.ops.yangege.cn\" target=\"_blank\"><b>传送门</b></a>\n\n+ 授权的服务器组内所有服务器都通过OC内置WebXTerm批量登录\n  + WebXTerm支持高权限登录服务器（需要在工单中申请服务器组的管理员权限）\n\n##### OC-Web-XTerm\n<video width=\"100%\" controls Autoplay=autoplay>\n<source src=\"https://opscloud-store.oss-cn-hangzhou.aliyuncs.com/help/opscloud/web-xterm/oc-web-xterm.mov\" type=\"video/mp4\" align=center>\n</video>', 0, NULL, '2020-05-18 13:38:36', '2021-06-16 11:31:11');
INSERT INTO `sys_document` VALUES (5, 'OC_ROLE', '#### `dev`角色\n+ 查看服务器相关信息\n+ 堡垒机权限，监控权限，日志权限等', 0, NULL, '2020-05-18 13:39:22', '2021-06-16 11:31:12');
INSERT INTO `sys_document` VALUES (6, 'RAM_POLICY', '#### 账户\n+ 阿里云主账户\n   + 主账户uid : 1255805305757185\n   + 子账户: ${username}@1255805305757185\n   + 登录地址:  https://signin.aliyun.com/1255805305757185/.onaliyun.com/login.htm\n+ 阿里云MS账户\n   + 主账户uid : 1267986359450069\n   + 子账户: ${username}@1267986359450069\n   + 登录地址:  https://signin.aliyun.com/1267986359450069/.onaliyun.com/login.htm\n\n#### 用户RAM策略详情\n+ 个人详情-我的详情-阿里云RAM账户授权策略 中查看\n\n#### 登录密码\n> 密码同oc密码一致，但必须符合密码强度（包含英文大小写，数字。特殊字符，长度>=10位），登录错误请联系运维！\n\n', 0, NULL, '2020-06-12 16:16:46', '2021-06-16 11:31:12');
INSERT INTO `sys_document` VALUES (7, 'SSH_SERVER_README', '<h1>OpsCloud v4.0 SSH-Server</h1>\n\n![](https://img.shields.io/badge/springboot-2.3.10.RELEASE-brightgreen.svg?style=plastic)\n\n### 帮助文档\n\n##### SSH-Server登录/认证\n\n+  认证优先级\n    + `本地公钥`  --> `Gitlab个人公钥`  --> `LDAP密码认证`\n+  添加个人公钥（若在Gitlab中已添加则忽略此步骤）\n    + `用户信息`-`个人详情`-`SSH密钥`（编辑-添加公钥）\n```bash\n# 查看公钥\n$ cat ~/.ssh/id_rsa.pub\n```\n\n##### 登录终端\n+ Mac命令行中输入\n```bash\n# -o StrictHostKeyChecking=no 跳过公钥检查\n$ ssh ${username}@${sshServerHost}\n```\n\n##### Example\n+  登录和帮助\n\n```\nbaiyideMacBook-Pro:~ liangjian$ ssh ${username}@${sshServerHost}\n                           .__                   .___\n  ____ ______  ______ ____ |  |   ____  __ __  __| _/\n /  _ \\\\____ \\/  ___// ___\\|  |  /  _ \\|  |  \\/ __ |\n(  <_> )  |_> >___ \\\\  \\___|  |_(  <_> )  |  / /_/ |\n \\____/|   __/____  >\\___  >____/\\____/|____/\\____ |\n       |__|       \\/     \\/                       \\/ version:4.0.0\n\nPlease type `help` to see available commands\nbaiyi 欢迎使用 Opscloud SSH Server! \n\nopscloud shell>help\nAVAILABLE COMMANDS\n\nBuilt-In Commands\n        clear: Clear the shell screen.\n        exit, quit: Exit the shell.\n        help: Display help about available commands.\n        history: Display or save the history of previously run commands\n        script: Read and execute commands from a file.\n        stacktrace: Display the full stacktrace of the last error.\n\nKubernetes\n        list-k8s-deployment: 查询无状态列表信息\n        list-k8s-pod: 查询容器组列表信息\n        login-k8s-pod: 登录容器组,通过参数可指定容器 [ 输入 ctrl+d 退出会话 ]\n        show-k8s-pod-log: 显示容器组日志[ 输入 ctrl+c 关闭日志 ]\n\nServer\n        b: 查询授权服务器列表信息（上一页）\n        list, ls: 查询授权服务器列表信息\n        login, open: 登录服务器(开启会话)\n        n: 查询授权服务器列表信息（下一页）\n\nopscloud shell>\n```\n\n+  查询服务器信息并登录列表ID1的服务器\n\n```\nopscloud shell>list \n+----+---------------------------+-------------------------+----------+---------------------------+-----+-----------------------+\n| ID | Server Name               | ServerGroup Name        | Env      | IP                        | Tag | Account               |\n+----+---------------------------+-------------------------+----------+---------------------------+-----+-----------------------+\n|  1 | account-gray-1            | group_account           | [gray]   | 172.16.201.24             |     | [xincheng] [manage]   | \n|  2 | account-1                 | group_account           | [prod]   | 172.16.4.69               |     | [xincheng] [manage]   | \n|  3 | account-daily-1           | group_account           | [daily]  | 172.16.202.153            |     | [xincheng] [manage]   | \n|  4 | account-dev-1             | group_account           | [dev]    | 172.16.203.194            |     | [xincheng] [manage]   | \n|  5 | account-2                 | group_account           | [prod]   | 172.16.3.16               |     | [xincheng] [manage]   | \n|  6 | actionview-1              | group_actionview        | [prod]   | 172.16.251.158            |     | [xincheng] [manage]   | \n|  7 | aibox-1                   | group_aibox             | [prod]   | 172.16.1.57               |     | [xincheng] [manage]   | \n|  8 | aibox-dev-1               | group_aibox             | [dev]    | 172.16.203.183            |     | [xincheng] [manage]   | \n|  9 | aibox-daily-1             | group_aibox             | [daily]  | 172.16.202.146            |     | [xincheng] [manage]   | \n| 10 | aibox-gray-1              | group_aibox             | [gray]   | 172.16.201.16             |     | [xincheng] [manage]   | \n| 11 | aibox-2                   | group_aibox             | [prod]   | 172.16.2.197              |     | [xincheng] [manage]   | \n| 12 | ansible-1                 | group_ansible           | [prod]   | 47.97.156.75/172.16.0.100 |     | [xincheng] [manage]   | \n| 13 | antifraud-content-dev-1   | group_antifraud-content | [dev]    | 172.16.203.235            |     | [xincheng] [manage]   | \n| 14 | antifraud-content-daily-1 | group_antifraud-content | [daily]  | 172.16.202.177            |     | [xincheng] [manage]   | \n| 15 | antifraud-content-gray-1  | group_antifraud-content | [gray]   | 172.16.201.50             |     | [xincheng] [manage]   | \n| 16 | antifraud-content-1       | group_antifraud-content | [prod]   | 172.16.4.138              |     | [xincheng] [manage]   | \n| 17 | antifraud-content-2       | group_antifraud-content | [prod]   | 172.16.3.72               |     | [xincheng] [manage]   | \n| 18 | antifraud-data-dev-1      | group_antifraud-data    | [dev]    | 172.16.203.242            |     | [xincheng] [manage]   | \n| 19 | antifraud-data-daily-1    | group_antifraud-data    | [daily]  | 172.16.202.186            |     | [xincheng] [manage]   | \n| 20 | antifraud-data-gray-1     | group_antifraud-data    | [gray]   | 172.16.201.53             |     | [xincheng] [manage]   | \n| 21 | antifraud-data-1          | group_antifraud-data    | [prod]   | 172.16.4.141              |     | [xincheng] [manage]   | \n| 22 | antifraud-data-2          | group_antifraud-data    | [prod]   | 172.16.3.75               |     | [xincheng] [manage]   | \n+----+---------------------------+-------------------------+----------+---------------------------+-----+-----------------------+\n页码: 1 ,分页长度: 22 ,总页数: 27 ,总数量: 587 ,翻页< 上一页: b 下一页: n >\nopscloud shell>login 1\nLast login: Tue Aug 10 18:54:40 2021 from 172.16.210.4\n\nWelcome to Alibaba Cloud Elastic Compute Service !\n\n[xincheng@account-gray-1 ~]$ \n```\n\n+  查询容器组(Pod)信息\n\n```\nopscloud shell>list-k8s-pod\n+----+--------------------------+------------+-------------------------------------------------------------+--------------+------------------------------+\n| ID | Kubernetes Instance Name | Namespace  | Pod Name                                                    | Pod IP       | Container Name               |\n+----+--------------------------+------------+-------------------------------------------------------------+--------------+------------------------------+\n|  1 | kubernetes-dev           | dev        | data-urc-dev-deployment-56bf5cbc77-pl5cx                    | 10.100.0.73  | data-urc-dev                 | \n|  2 | kubernetes-dev           | dev        | strongbox-dev-deployment-74874cc5cc-zp2h9                   | 10.100.0.101 | strongbox-dev                | \n|  3 | kubernetes-dev           | dev        | trade-dump-dev-deployment-9778555b9-jr9fb                   | 10.100.0.38  | trade-dump-dev               | \n|  4 | kubernetes-dev           | dev        | sample-dev-deployment-6f599998fb-nxwch                      | 10.100.0.37  | sample-dev                   | \n|  5 | kubernetes-dev           | dev        | rss-dev-deployment-66d7844546-hhvks                         | 10.100.0.117 | rss-dev                      | \n|  6 | kubernetes-dev           | monitoring | ack-prometheus-operator-grafana-57cf9b7b94-7r5j5            | 10.100.0.102 | grafana-sc-dashboard,grafana | \n|  7 | kubernetes-dev           | monitoring | ack-prometheus-operator-kube-state-metrics-6ccc466df5-64nhc | 10.100.0.43  | kube-state-metrics           | \n|  8 | kubernetes-dev           | monitoring | ack-prometheus-operator-operator-7d74d854d-6xjhb            | 10.100.0.103 | ack-prometheus-operator      | \n|  9 | kubernetes-dev           | dev        | coms-dev-deployment-968f5f74b-r8dlm                         | 10.100.0.23  | coms-dev                     | \n| 10 | kubernetes-dev           | dev        | usercenter-dev-deployment-575bd58fc7-hj2lj                  | 10.100.0.123 | usercenter-dev               | \n| 11 | kubernetes-dev           | dev        | live-dev-deployment-667d48974-wqb2h                         | 10.100.0.120 | live-dev                     | \n| 12 | kubernetes-dev           | dev        | iam-dev-deployment-fdbdf7556-8hcnf                          | 10.100.0.33  | iam-dev                      | \n| 13 | kubernetes-dev           | dev        | msgcenter-dev-deployment-55887666f5-6jzk6                   | 10.100.0.124 | msgcenter-dev                | \n| 14 | kubernetes-dev           | dev        | permission-center-dev-deployment-5884584d4f-dd2s2           | 10.100.0.34  | permission-center-dev        | \n| 15 | kubernetes-dev           | dev        | open-wms-dev-deployment-557f4c9cdf-c4vbx                    | 10.100.0.125 | open-wms-dev                 | \n| 16 | kubernetes-dev           | dev        | usercenter-backend-dev-deployment-5fcf8b57d9-r2xwj          | 10.100.0.35  | usercenter-backend-dev       | \n| 17 | kubernetes-dev           | dev        | wms-dev-deployment-7b7cbbf5b9-hhvbj                         | 10.100.0.39  | wms-dev                      | \n+----+--------------------------+------------+-------------------------------------------------------------+--------------+------------------------------+\nopscloud shell>\n```\n\n+ 查看容器日志(ID1)\n\n`opscloud shell>show-k8s-pod-log 1`\n\n\n+ 登录容器(ID1)\n\n`opscloud shell>login-k8s-pod  1`\n', 1, NULL, '2021-06-16 13:35:52', '2021-08-11 10:31:22');
COMMIT;

-- ----------------------------
-- Table structure for sys_env
-- ----------------------------
DROP TABLE IF EXISTS `sys_env`;
CREATE TABLE `sys_env` (
  `id` int unsigned NOT NULL AUTO_INCREMENT,
  `env_name` varchar(32) CHARACTER SET utf8mb4 COLLATE utf8mb4_0900_ai_ci NOT NULL DEFAULT '',
  `env_type` int NOT NULL,
  `color` varchar(8) CHARACTER SET utf8mb4 COLLATE utf8mb4_0900_ai_ci NOT NULL DEFAULT '' COMMENT '环境色',
  `prompt_color` int DEFAULT NULL COMMENT '终端提示色',
  `comment` varchar(128) CHARACTER SET utf8mb4 COLLATE utf8mb4_0900_ai_ci DEFAULT NULL,
  `create_time` timestamp NOT NULL DEFAULT CURRENT_TIMESTAMP,
  `update_time` timestamp NOT NULL DEFAULT CURRENT_TIMESTAMP ON UPDATE CURRENT_TIMESTAMP,
  PRIMARY KEY (`id`) USING BTREE,
  UNIQUE KEY `env_name` (`env_name`) USING BTREE,
  UNIQUE KEY `env_type` (`env_type`) USING BTREE
) ENGINE=InnoDB AUTO_INCREMENT=16 DEFAULT CHARSET=utf8mb4 COLLATE=utf8mb4_0900_ai_ci COMMENT='`create_time` timestamp NOT NULL DEFAULT CURRENT_TIMESTAMP,\n  `update_time` timestamp NOT NULL DEFAULT CURRENT_TIMESTAMP ON UPDATE CURRENT_TIMESTAMP,';

-- ----------------------------
-- Records of sys_env
-- ----------------------------
BEGIN;
INSERT INTO `sys_env` VALUES (1, 'default', 0, '#B7B6B6', 7, '默认环境', '2020-04-02 22:06:38', '2020-07-02 17:56:04');
INSERT INTO `sys_env` VALUES (2, 'dev', 1, '#5bc0de', 6, '开发环境', '2020-01-10 13:53:51', '2021-07-02 18:17:13');
INSERT INTO `sys_env` VALUES (3, 'test', 5, '#A0AE07', 3, '测试环境', '2020-01-10 13:53:55', '2021-09-02 17:27:44');
INSERT INTO `sys_env` VALUES (4, 'gray', 3, '#000000', 8, '灰度环境', '2020-03-11 14:03:58', '2021-09-02 17:25:35');
INSERT INTO `sys_env` VALUES (5, 'prod', 4, '#E34C15', 1, '生产环境', '2020-02-22 13:13:16', '2021-07-27 11:21:55');
INSERT INTO `sys_env` VALUES (6, 'daily', 2, '#449d44', 2, '日常环境', '2020-03-04 11:10:44', '2020-03-04 11:10:44');
INSERT INTO `sys_env` VALUES (14, 'pre', 7, '#FC7A00', 5, '预发环境', '2020-03-11 14:05:28', '2020-07-02 17:56:38');
INSERT INTO `sys_env` VALUES (15, 'st', 8, '#0926C9', 4, '压测环境', '2021-06-24 10:36:07', '2021-06-24 10:37:43');
COMMIT;

-- ----------------------------
-- Table structure for sys_menu
-- ----------------------------
DROP TABLE IF EXISTS `sys_menu`;
CREATE TABLE `sys_menu` (
  `id` int unsigned NOT NULL AUTO_INCREMENT,
  `title` varchar(32) CHARACTER SET utf8mb4 COLLATE utf8mb4_0900_ai_ci NOT NULL DEFAULT '' COMMENT '菜单标题',
  `icon` varchar(32) CHARACTER SET utf8mb4 COLLATE utf8mb4_0900_ai_ci NOT NULL DEFAULT '' COMMENT '菜单图标',
  `seq` int NOT NULL COMMENT '顺序',
  `create_time` timestamp NOT NULL DEFAULT CURRENT_TIMESTAMP COMMENT '创建时间',
  `update_time` timestamp NULL DEFAULT CURRENT_TIMESTAMP ON UPDATE CURRENT_TIMESTAMP COMMENT '更新时间',
  PRIMARY KEY (`id`) USING BTREE
) ENGINE=InnoDB AUTO_INCREMENT=10 DEFAULT CHARSET=utf8mb4 COLLATE=utf8mb4_0900_ai_ci;

-- ----------------------------
-- Records of sys_menu
-- ----------------------------
BEGIN;
INSERT INTO `sys_menu` VALUES (1, '系统管理', 'fab fa-whmcs', 0, '2021-06-09 10:41:34', '2021-07-08 17:17:45');
INSERT INTO `sys_menu` VALUES (2, '工作台', 'fas fa-desktop', 1, '2021-06-09 10:41:34', '2021-07-01 10:06:37');
INSERT INTO `sys_menu` VALUES (3, '用户管理', 'fas fa-users', 3, '2021-06-09 10:41:34', '2021-07-15 14:05:05');
INSERT INTO `sys_menu` VALUES (4, '服务器管理', 'fas fa-server', 4, '2021-06-09 10:41:34', '2021-07-15 14:05:05');
INSERT INTO `sys_menu` VALUES (5, '数据源管理', 'fas fa-dice-d20', 6, '2021-06-09 10:41:34', '2021-09-01 13:47:16');
INSERT INTO `sys_menu` VALUES (6, 'RBAC管理', 'fab fa-google-drive', 7, '2021-06-09 10:41:34', '2021-09-01 13:47:16');
INSERT INTO `sys_menu` VALUES (7, '用户信息', 'fas fa-user', 8, '2021-06-09 10:41:34', '2021-09-01 13:47:16');
INSERT INTO `sys_menu` VALUES (8, '应用管理', 'fas fa-coins', 2, '2021-07-15 14:05:05', '2021-07-15 14:05:05');
INSERT INTO `sys_menu` VALUES (9, '任务管理', 'fab fa-google-play', 5, '2021-09-01 13:42:07', '2021-09-01 13:47:16');
COMMIT;

-- ----------------------------
-- Table structure for sys_menu_child
-- ----------------------------
DROP TABLE IF EXISTS `sys_menu_child`;
CREATE TABLE `sys_menu_child` (
  `id` int unsigned NOT NULL AUTO_INCREMENT,
  `menu_id` int NOT NULL COMMENT '菜单id',
  `title` varchar(32) CHARACTER SET utf8mb4 COLLATE utf8mb4_0900_ai_ci NOT NULL DEFAULT '' COMMENT '子菜单标题',
  `icon` varchar(32) CHARACTER SET utf8mb4 COLLATE utf8mb4_0900_ai_ci NOT NULL DEFAULT '' COMMENT '子菜单图标名称',
  `path` varchar(128) CHARACTER SET utf8mb4 COLLATE utf8mb4_0900_ai_ci NOT NULL DEFAULT '' COMMENT '子菜单路径',
  `seq` int NOT NULL COMMENT '子菜单排序',
  `create_time` timestamp NOT NULL DEFAULT CURRENT_TIMESTAMP COMMENT '创建时间',
  `update_time` timestamp NULL DEFAULT CURRENT_TIMESTAMP ON UPDATE CURRENT_TIMESTAMP COMMENT '更新时间',
  PRIMARY KEY (`id`) USING BTREE
) ENGINE=InnoDB AUTO_INCREMENT=25 DEFAULT CHARSET=utf8mb4 COLLATE=utf8mb4_0900_ai_ci;

-- ----------------------------
-- Records of sys_menu_child
-- ----------------------------
BEGIN;
INSERT INTO `sys_menu_child` VALUES (1, 1, '凭据管理', 'fas fa-fingerprint', '/sys/credential', 0, '2021-06-02 14:37:00', '2021-07-23 14:37:33');
INSERT INTO `sys_menu_child` VALUES (2, 1, '标签管理', 'fas fa-tags', '/sys/tag', 1, '2021-06-02 14:37:00', '2021-07-23 14:37:33');
INSERT INTO `sys_menu_child` VALUES (3, 1, '环境管理', 'fas fa-sun', '/sys/env', 2, '2021-06-02 14:37:00', '2021-07-23 14:37:33');
INSERT INTO `sys_menu_child` VALUES (4, 1, '菜单管理', 'fas fa-bars', '/sys/menu', 3, '2021-06-02 14:37:00', '2021-06-30 17:54:03');
INSERT INTO `sys_menu_child` VALUES (6, 2, '批量终端', 'fas fa-terminal', '/workbench/web-terminal', 1, '2021-06-15 17:10:03', '2021-07-01 10:03:58');
INSERT INTO `sys_menu_child` VALUES (7, 3, '用户', 'fas fa-user', '/user', 0, '2021-06-02 15:00:58', '2021-06-30 17:54:18');
INSERT INTO `sys_menu_child` VALUES (8, 4, '服务器', 'fas fa-server', '/server', 0, '2021-06-02 15:01:51', '2021-06-30 17:54:24');
INSERT INTO `sys_menu_child` VALUES (9, 4, '服务器组', 'fas fa-window-restore', '/server/group', 1, '2021-06-02 15:01:51', '2021-06-30 17:54:24');
INSERT INTO `sys_menu_child` VALUES (10, 5, '数据源实例', 'fas fa-th', '/datasource/instance', 0, '2021-06-02 15:02:20', '2021-06-30 17:54:34');
INSERT INTO `sys_menu_child` VALUES (11, 5, '数据源配置', 'fab fa-unity', '/datasource/config', 1, '2021-06-02 15:02:20', '2021-07-08 17:10:34');
INSERT INTO `sys_menu_child` VALUES (12, 6, '资源配置', 'fas fa-stream', '/rbac/resource', 0, '2021-06-02 15:03:02', '2021-06-30 17:54:44');
INSERT INTO `sys_menu_child` VALUES (13, 6, '用户角色配置', 'fas fa-id-card', '/rbac/user-role', 2, '2021-06-02 15:03:02', '2021-06-30 17:54:44');
INSERT INTO `sys_menu_child` VALUES (14, 6, '角色配置', 'fas fa-users', '/rbac/role', 1, '2021-06-02 15:03:02', '2021-06-30 17:54:44');
INSERT INTO `sys_menu_child` VALUES (15, 7, '个人详情', 'fas fa-address-book', '/user/details', 0, '2021-06-09 10:36:50', '2021-06-30 17:54:49');
INSERT INTO `sys_menu_child` VALUES (16, 2, 'SSH终端', 'fas fa-terminal', '/workbench/ssh-server', 0, '2021-06-15 17:10:04', '2021-07-01 10:03:58');
INSERT INTO `sys_menu_child` VALUES (17, 2, '远程桌面', 'fab fa-windows', '/workbench/remote-desktop', 2, '2021-07-09 14:50:59', '2021-07-09 14:50:59');
INSERT INTO `sys_menu_child` VALUES (19, 2, '容器终端', 'fab fa-docker', '/workbench/kubernetes-web-terminal', 3, '2021-07-13 16:13:19', '2021-07-13 16:19:25');
INSERT INTO `sys_menu_child` VALUES (20, 8, '应用', 'fas fa-box', '/application', 0, '2021-07-15 14:09:18', '2021-07-15 14:09:18');
INSERT INTO `sys_menu_child` VALUES (21, 1, '审计管理', 'fas fa-video', '/sys/audit', 4, '2021-07-22 15:08:59', '2021-07-23 14:37:34');
INSERT INTO `sys_menu_child` VALUES (22, 5, '资产订阅', 'fa fa-rss', '/datasource/asset/subscription', 2, '2021-08-27 15:52:47', '2021-08-27 15:58:35');
INSERT INTO `sys_menu_child` VALUES (23, 9, '剧本任务', 'fas fa-recycle', '/task/playbook', 0, '2021-09-01 13:42:50', '2021-09-26 11:42:58');
INSERT INTO `sys_menu_child` VALUES (24, 1, '集群管理', 'fas fa-server', '/sys/instance', 5, '2021-09-06 11:13:25', '2021-09-06 11:18:52');
COMMIT;

-- ----------------------------
-- Table structure for tag
-- ----------------------------
DROP TABLE IF EXISTS `tag`;
CREATE TABLE `tag` (
  `id` int unsigned NOT NULL AUTO_INCREMENT,
  `tag_key` varchar(128) CHARACTER SET utf8mb4 COLLATE utf8mb4_0900_ai_ci NOT NULL DEFAULT '' COMMENT '标签Key,全局唯一',
  `business_type` int NOT NULL DEFAULT '0' COMMENT '业务类型',
  `color` varchar(8) CHARACTER SET utf8mb4 COLLATE utf8mb4_0900_ai_ci NOT NULL DEFAULT '' COMMENT '颜色值',
  `comment` varchar(128) CHARACTER SET utf8mb4 COLLATE utf8mb4_0900_ai_ci DEFAULT NULL COMMENT '描述',
  `create_time` timestamp NOT NULL DEFAULT CURRENT_TIMESTAMP,
  `update_time` timestamp NOT NULL DEFAULT CURRENT_TIMESTAMP ON UPDATE CURRENT_TIMESTAMP,
  PRIMARY KEY (`id`) USING BTREE,
  UNIQUE KEY `tag_key` (`tag_key`) USING BTREE
) ENGINE=InnoDB AUTO_INCREMENT=12 DEFAULT CHARSET=utf8mb4 COLLATE=utf8mb4_0900_ai_ci COMMENT='`create_time` timestamp NOT NULL DEFAULT CURRENT_TIMESTAMP,\n  `update_time` timestamp NOT NULL DEFAULT CURRENT_TIMESTAMP ON UPDATE CURRENT_TIMESTAMP,';

-- ----------------------------
-- Records of tag
-- ----------------------------
BEGIN;
INSERT INTO `tag` VALUES (1, 'Authorization', 16, '#EB0303', '启用认证', '2021-05-19 16:32:43', '2021-05-19 16:32:43');
INSERT INTO `tag` VALUES (2, 'Jenkins', 1, '#B70707', '', '2021-05-25 18:06:24', '2021-05-25 18:06:24');
INSERT INTO `tag` VALUES (3, 'Gitlab', 1, '#144AD3', '', '2021-05-26 11:18:34', '2021-05-26 11:18:34');
INSERT INTO `tag` VALUES (4, 'ReadOnly', 16, '#2B8813', '只读数据源', '2021-06-07 17:57:56', '2021-06-07 17:57:56');
INSERT INTO `tag` VALUES (5, 'ReadAndWrite', 16, '#1B0991', '读/写数据源实例', '2021-06-07 18:00:10', '2021-06-07 18:00:10');
INSERT INTO `tag` VALUES (6, 'Android', 5, '#B70707', '', '2021-06-22 13:16:27', '2021-06-22 13:16:27');
INSERT INTO `tag` VALUES (7, 'RDP', 16, '#0684C4', '支持RDP协议', '2021-07-08 18:06:29', '2021-07-08 18:06:29');
INSERT INTO `tag` VALUES (8, 'VNC', 16, '#30ADED', '支持VNC协议', '2021-07-08 18:06:49', '2021-07-08 18:06:49');
INSERT INTO `tag` VALUES (9, 'Account', 16, '#0320A2', '账户管理', '2021-08-11 15:59:31', '2021-08-11 16:07:54');
INSERT INTO `tag` VALUES (10, 'Server', 16, '', '服务器管理', '2021-08-20 16:24:00', '2021-08-20 16:24:00');
COMMIT;

-- ----------------------------
-- Table structure for terminal_session
-- ----------------------------
DROP TABLE IF EXISTS `terminal_session`;
CREATE TABLE `terminal_session` (
  `id` int unsigned NOT NULL AUTO_INCREMENT,
  `session_id` varchar(36) CHARACTER SET utf8mb4 COLLATE utf8mb4_0900_ai_ci NOT NULL DEFAULT '' COMMENT '会话uuid',
  `user_id` int DEFAULT NULL COMMENT '用户id',
  `username` varchar(128) CHARACTER SET utf8mb4 COLLATE utf8mb4_0900_ai_ci DEFAULT NULL,
  `remote_addr` varchar(128) CHARACTER SET utf8mb4 COLLATE utf8mb4_0900_ai_ci DEFAULT NULL,
  `session_closed` tinyint(1) NOT NULL DEFAULT '0' COMMENT '会话是否关闭',
  `close_time` timestamp NULL DEFAULT NULL COMMENT '关闭时间',
  `server_hostname` varchar(128) CHARACTER SET utf8mb4 COLLATE utf8mb4_0900_ai_ci DEFAULT NULL COMMENT '服务端主机名',
  `server_addr` varchar(128) CHARACTER SET utf8mb4 COLLATE utf8mb4_0900_ai_ci DEFAULT NULL COMMENT '服务端地址',
  `session_type` varchar(32) CHARACTER SET utf8mb4 COLLATE utf8mb4_0900_ai_ci NOT NULL,
  `create_time` timestamp NOT NULL DEFAULT CURRENT_TIMESTAMP,
  `update_time` timestamp NOT NULL DEFAULT CURRENT_TIMESTAMP ON UPDATE CURRENT_TIMESTAMP,
  PRIMARY KEY (`id`) USING BTREE,
  UNIQUE KEY `session_id` (`session_id`) USING BTREE
) ENGINE=InnoDB AUTO_INCREMENT=628 DEFAULT CHARSET=utf8mb4 COLLATE=utf8mb4_0900_ai_ci ROW_FORMAT=DYNAMIC;

-- ----------------------------
-- Records of terminal_session
-- ----------------------------
BEGIN;
COMMIT;

-- ----------------------------
-- Table structure for terminal_session_instance
-- ----------------------------
DROP TABLE IF EXISTS `terminal_session_instance`;
CREATE TABLE `terminal_session_instance` (
  `id` int unsigned NOT NULL AUTO_INCREMENT,
  `session_id` varchar(128) CHARACTER SET utf8mb4 COLLATE utf8mb4_0900_ai_ci NOT NULL DEFAULT '' COMMENT '会话id',
  `instance_id` varchar(128) CHARACTER SET utf8mb4 COLLATE utf8mb4_0900_ai_ci NOT NULL DEFAULT '' COMMENT '实例id',
  `duplicate_instance_id` varchar(64) CHARACTER SET utf8mb4 COLLATE utf8mb4_0900_ai_ci DEFAULT NULL COMMENT '会话复制实例id',
  `instance_session_type` varchar(64) CHARACTER SET utf8mb4 COLLATE utf8mb4_0900_ai_ci DEFAULT NULL COMMENT '实例会话类型',
  `login_user` varchar(32) CHARACTER SET utf8mb4 COLLATE utf8mb4_0900_ai_ci DEFAULT '' COMMENT '登录账户',
  `host_ip` varchar(128) CHARACTER SET utf8mb4 COLLATE utf8mb4_0900_ai_ci NOT NULL DEFAULT '' COMMENT '主机ip',
  `output_size` bigint NOT NULL DEFAULT '0' COMMENT '输出文件大小',
  `instance_closed` tinyint(1) NOT NULL DEFAULT '0' COMMENT '是否关闭',
  `open_time` timestamp NOT NULL DEFAULT CURRENT_TIMESTAMP ON UPDATE CURRENT_TIMESTAMP COMMENT '打开时间',
  `close_time` timestamp NULL DEFAULT NULL COMMENT '关闭时间',
  `create_time` timestamp NOT NULL DEFAULT CURRENT_TIMESTAMP,
  `update_time` timestamp NOT NULL DEFAULT CURRENT_TIMESTAMP ON UPDATE CURRENT_TIMESTAMP,
  `instance_idCopy` varchar(128) CHARACTER SET utf8mb4 COLLATE utf8mb4_0900_ai_ci NOT NULL DEFAULT '' COMMENT '实例id',
  PRIMARY KEY (`id`) USING BTREE,
  UNIQUE KEY `session_id` (`session_id`,`instance_id`) USING BTREE
) ENGINE=InnoDB AUTO_INCREMENT=605 DEFAULT CHARSET=utf8mb4 COLLATE=utf8mb4_0900_ai_ci ROW_FORMAT=DYNAMIC;

-- ----------------------------
-- Records of terminal_session_instance
-- ----------------------------
BEGIN;
COMMIT;

-- ----------------------------
-- Table structure for terminal_session_instance_command
-- ----------------------------
DROP TABLE IF EXISTS `terminal_session_instance_command`;
CREATE TABLE `terminal_session_instance_command` (
  `id` int unsigned NOT NULL AUTO_INCREMENT,
  `terminal_session_instance_id` int NOT NULL COMMENT '实例表id',
  `prompt` varchar(1024) CHARACTER SET utf8mb4 COLLATE utf8mb4_0900_ai_ci NOT NULL DEFAULT '' COMMENT '提示符',
  `input` text CHARACTER SET utf8mb4 COLLATE utf8mb4_0900_ai_ci COMMENT '输入',
  `input_formatted` text CHARACTER SET utf8mb4 COLLATE utf8mb4_0900_ai_ci COMMENT '输入格式化',
  `output` longtext CHARACTER SET utf8mb4 COLLATE utf8mb4_0900_ai_ci COMMENT '输出',
  `is_formatted` tinyint(1) NOT NULL DEFAULT '0' COMMENT '是否格式化',
  `create_time` timestamp NOT NULL DEFAULT CURRENT_TIMESTAMP,
  `update_time` timestamp NOT NULL DEFAULT CURRENT_TIMESTAMP ON UPDATE CURRENT_TIMESTAMP,
  PRIMARY KEY (`id`) USING BTREE
) ENGINE=InnoDB AUTO_INCREMENT=1811 DEFAULT CHARSET=utf8mb4 COLLATE=utf8mb4_0900_ai_ci ROW_FORMAT=DYNAMIC;

-- ----------------------------
-- Records of terminal_session_instance_command
-- ----------------------------
BEGIN;
COMMIT;

-- ----------------------------
-- Table structure for user
-- ----------------------------
DROP TABLE IF EXISTS `user`;
CREATE TABLE `user` (
  `id` int unsigned NOT NULL AUTO_INCREMENT,
  `username` varchar(128) CHARACTER SET utf8mb4 COLLATE utf8mb4_0900_ai_ci NOT NULL DEFAULT '' COMMENT '用户名',
  `uuid` varchar(32) CHARACTER SET utf8mb4 COLLATE utf8mb4_0900_ai_ci DEFAULT NULL COMMENT '前端框架用户UUID',
  `password` varchar(256) CHARACTER SET utf8mb4 COLLATE utf8mb4_0900_ai_ci DEFAULT NULL,
  `name` varchar(128) CHARACTER SET utf8mb4 COLLATE utf8mb4_0900_ai_ci DEFAULT '' COMMENT '姓名',
  `display_name` varchar(128) CHARACTER SET utf8mb4 COLLATE utf8mb4_0900_ai_ci NOT NULL DEFAULT '' COMMENT '显示名称',
  `email` varchar(128) CHARACTER SET utf8mb4 COLLATE utf8mb4_0900_ai_ci DEFAULT '' COMMENT '邮箱',
  `is_active` tinyint(1) NOT NULL DEFAULT '1' COMMENT '有效',
  `last_login` timestamp NULL DEFAULT NULL,
  `wechat` varchar(128) CHARACTER SET utf8mb4 COLLATE utf8mb4_0900_ai_ci DEFAULT '',
  `phone` varchar(20) CHARACTER SET utf8mb4 COLLATE utf8mb4_0900_ai_ci DEFAULT '' COMMENT '手机',
  `created_by` varchar(30) CHARACTER SET utf8mb4 COLLATE utf8mb4_0900_ai_ci DEFAULT '',
  `source` varchar(30) CHARACTER SET utf8mb4 COLLATE utf8mb4_0900_ai_ci DEFAULT '' COMMENT '数据源',
  `comment` text CHARACTER SET utf8mb4 COLLATE utf8mb4_0900_ai_ci,
  `create_time` timestamp NOT NULL DEFAULT CURRENT_TIMESTAMP COMMENT '创建时间',
  `update_time` timestamp NOT NULL DEFAULT CURRENT_TIMESTAMP ON UPDATE CURRENT_TIMESTAMP COMMENT '更新时间',
  PRIMARY KEY (`id`) USING BTREE,
  UNIQUE KEY `username` (`username`) USING BTREE
) ENGINE=InnoDB AUTO_INCREMENT=870 DEFAULT CHARSET=utf8mb4 COLLATE=utf8mb4_0900_ai_ci COMMENT='oc用户本地用户';

-- ----------------------------
-- Records of user
-- ----------------------------
BEGIN;
INSERT INTO `user` VALUES (1, 'baiyi', 'e246016ece354324a3a9a156be8f61ac', '', '梁荐', '白衣', 'ixrjog@qq.com', 1, '2021-07-27 14:23:46', '', '0', '', '', NULL, '2021-05-14 11:18:34', '2021-07-29 10:38:41');
INSERT INTO `user` VALUES (3, 'demo', '87324kjhkjfd9834jd3j9jd92354n234', NULL, 'demo', 'demo', '', 1, '2021-08-04 18:08:41', '', '', '', '', NULL, '2021-07-27 16:51:11', '2021-08-04 18:08:41');
COMMIT;

-- ----------------------------
-- Table structure for user_credential
-- ----------------------------
DROP TABLE IF EXISTS `user_credential`;
CREATE TABLE `user_credential` (
  `id` int unsigned NOT NULL AUTO_INCREMENT,
  `title` varchar(256) CHARACTER SET utf8mb4 COLLATE utf8mb4_0900_ai_ci DEFAULT NULL,
  `valid` tinyint(1) DEFAULT NULL COMMENT '有效',
  `user_id` int DEFAULT NULL,
  `credential_type` int NOT NULL COMMENT '用户凭据分类',
  `comment` text CHARACTER SET utf8mb4 COLLATE utf8mb4_0900_ai_ci,
  `credential` varchar(4096) CHARACTER SET utf8mb4 COLLATE utf8mb4_0900_ai_ci DEFAULT '' COMMENT '凭据内容',
  `expired_time` timestamp NULL DEFAULT NULL COMMENT '有效期',
  `fingerprint` varchar(128) CHARACTER SET utf8mb4 COLLATE utf8mb4_0900_ai_ci DEFAULT NULL,
  `update_time` timestamp NOT NULL DEFAULT CURRENT_TIMESTAMP ON UPDATE CURRENT_TIMESTAMP,
  `create_time` timestamp NOT NULL DEFAULT CURRENT_TIMESTAMP,
  PRIMARY KEY (`id`) USING BTREE
) ENGINE=InnoDB AUTO_INCREMENT=56 DEFAULT CHARSET=utf8mb4 COLLATE=utf8mb4_0900_ai_ci ROW_FORMAT=DYNAMIC COMMENT='用户凭据';

-- ----------------------------
-- Records of user_credential
-- ----------------------------
BEGIN;
COMMIT;

-- ----------------------------
-- Table structure for user_group
-- ----------------------------
DROP TABLE IF EXISTS `user_group`;
CREATE TABLE `user_group` (
  `id` int unsigned NOT NULL AUTO_INCREMENT,
  `name` varchar(128) CHARACTER SET utf8mb4 COLLATE utf8mb4_0900_ai_ci DEFAULT '' COMMENT '组名',
  `group_type` int DEFAULT NULL COMMENT '组类型',
  `source` varchar(30) CHARACTER SET utf8mb4 COLLATE utf8mb4_0900_ai_ci DEFAULT '' COMMENT '数据源',
  `allow_workorder` tinyint(1) DEFAULT NULL COMMENT '允许工单申请',
  `comment` text CHARACTER SET utf8mb4 COLLATE utf8mb4_0900_ai_ci COMMENT '描述',
  `create_time` timestamp NOT NULL DEFAULT CURRENT_TIMESTAMP COMMENT '创建时间',
  `update_time` timestamp NOT NULL DEFAULT CURRENT_TIMESTAMP ON UPDATE CURRENT_TIMESTAMP COMMENT '更新时间',
  PRIMARY KEY (`id`) USING BTREE,
  UNIQUE KEY `name` (`name`) USING BTREE
) ENGINE=InnoDB AUTO_INCREMENT=19 DEFAULT CHARSET=utf8mb4 COLLATE=utf8mb4_0900_ai_ci ROW_FORMAT=DYNAMIC COMMENT='用户组';

-- ----------------------------
-- Records of user_group
-- ----------------------------
BEGIN;
COMMIT;

-- ----------------------------
-- Table structure for user_permission
-- ----------------------------
DROP TABLE IF EXISTS `user_permission`;
CREATE TABLE `user_permission` (
  `id` int unsigned NOT NULL AUTO_INCREMENT,
  `user_id` int NOT NULL COMMENT '用户id',
  `business_id` int NOT NULL COMMENT '业务id',
  `business_type` int NOT NULL COMMENT '业务类型',
  `permission_role` varchar(64) CHARACTER SET utf8mb4 COLLATE utf8mb4_0900_ai_ci DEFAULT NULL COMMENT '角色',
  `rate` int DEFAULT '0' COMMENT '等级',
  `content` varchar(128) CHARACTER SET utf8mb4 COLLATE utf8mb4_0900_ai_ci DEFAULT NULL,
  `create_time` timestamp NOT NULL DEFAULT CURRENT_TIMESTAMP ON UPDATE CURRENT_TIMESTAMP,
  `update_time` timestamp NOT NULL DEFAULT CURRENT_TIMESTAMP,
  PRIMARY KEY (`id`) USING BTREE,
  UNIQUE KEY `user_id` (`user_id`,`business_id`,`business_type`) USING BTREE
) ENGINE=InnoDB AUTO_INCREMENT=29047 DEFAULT CHARSET=utf8mb4 COLLATE=utf8mb4_0900_ai_ci ROW_FORMAT=DYNAMIC COMMENT='用户-用户组 授权表';

-- ----------------------------
-- Records of user_permission
-- ----------------------------
BEGIN;
COMMIT;

-- ----------------------------
-- Table structure for user_token
-- ----------------------------
DROP TABLE IF EXISTS `user_token`;
CREATE TABLE `user_token` (
  `id` int unsigned NOT NULL AUTO_INCREMENT,
  `username` varchar(200) CHARACTER SET utf8mb4 COLLATE utf8mb4_0900_ai_ci NOT NULL DEFAULT '' COMMENT '用户登录名',
  `token` varchar(200) CHARACTER SET utf8mb4 COLLATE utf8mb4_0900_ai_ci DEFAULT NULL COMMENT '登录唯一标识',
  `valid` tinyint(1) NOT NULL DEFAULT '1' COMMENT '是否无效。0：无效；1：有效',
  `create_time` timestamp NOT NULL DEFAULT CURRENT_TIMESTAMP,
  `update_time` timestamp NOT NULL DEFAULT CURRENT_TIMESTAMP ON UPDATE CURRENT_TIMESTAMP,
  PRIMARY KEY (`id`) USING BTREE,
  KEY `username` (`username`,`id`,`token`) USING BTREE
) ENGINE=InnoDB AUTO_INCREMENT=529 DEFAULT CHARSET=utf8mb4 COLLATE=utf8mb4_0900_ai_ci ROW_FORMAT=DYNAMIC;

-- ----------------------------
-- Records of user_token
-- ----------------------------
BEGIN;
COMMIT;

SET FOREIGN_KEY_CHECKS = 1;
